kind,prix,saturation,restaurant
3,5.2267,1.510103,0
4,6.1052,1.486299,0
5,7.0564,1.471569,0
7,50.6958,1.473893,0
8,14.8722,1.332358,0
9,2.2361,1.507403,0
11,47.7175,0.822045,0
12,47.2639,0.848895,0
24,845.5842,0.73463,0
25,1318.4945,0.870494,0
26,1577.5102,0.717183,0
27,796.1159,0.688003,0
28,1205.9906,0.659379,0
53,3888.5396,0.622433,0
54,8055.1604,0.617889,0
55,2667.3334,0.603604,0
56,5862.9103,0.611819,0
57,6297.4835,0.538912,0
60,30.8396,1.11768,0
61,53.2803,1.188694,0
62,38.8502,1.244768,0
63,60.3647,1.268254,0
64,83.0185,1.37696,0
65,32.7421,0.885242,0
67,13.6113,0.601327,0
70,1020.1148,0.887475,0
71,2006.1212,0.980944,0
98,1287.5137,0.720455,0
102,7.559,0.944239,0
103,13.6173,0.904043,0
108,13.3462,1.05057,0
109,121.9582,0.613483,0
110,208.5537,0.581553,0
117,0.0,0.1,12887991
119,43.8602,1.301422,3262707
120,6.54,0.1,0
121,0.0,0.1,237857
122,138.2143,1.22764,306040
123,333.7802,1.179239,85655
124,59.1386,1.374068,5540626
125,49.2946,1.546338,5571439
126,88.4583,1.290524,1653578
127,506.9752,1.265722,0
129,0.0,0.1,28484
130,0.0,0.1,19579
131,0.0,0.1,3770
132,0.0,0.1,5168
134,0.0,0.1,560935
140,277.1489,1.207415,0
142,0.0,0.1,351423
143,0.0,0.1,416434
144,23.488,0.876203,0
146,15.4951,1.118613,0
147,41.8963,1.067503,0
148,50.0,1.896645,0
149,900.0,0.1,50745
151,226.2992,0.793434,0
152,186.8444,1.442264,0
153,98.8322,0.675716,0
154,95.0552,1.123097,0
155,147.9816,0.586699,0
