heure,kind,quality,ouverture,haut,bas,cloture,n_ordres,qte_totale,profondeur_5pct,vendu,disparu,repose,retire,pose
2026-10-04T00,1,0,0.254,0.254,0.249,0.25,239,292089973,269236908,3800083,2331610,0,10000000,60180881
2026-10-04T00,1,1,0.254,0.255,0.253,0.253,58,104900996,104550444,180240,1621100,0,0,7483891
2026-10-04T00,1,2,0.254,0.256,0.254,0.255,90,276344532,132395672,1556762,29812514,711447,0,3979482
2026-10-04T00,1,3,0.254,0.256,0.254,0.254,89,450379260,381410849,11481632,9563491,1399745,4885,26547641
2026-10-04T00,1,4,0.257,0.257,0.256,0.257,53,522542586,388925414,0,2973918,0,0,3880579
2026-10-04T00,1,5,0.257,0.257,0.257,0.257,17,99637160,96535155,1516859,0,0,0,0
2026-10-04T00,1,6,0.26,0.26,0.26,0.26,6,20165751,20165751,0,146746,0,0,0
2026-10-04T00,1,7,0.26,0.26,0.26,0.26,5,33189868,33189868,0,0,0,0,0
2026-10-04T00,1,8,0.262,0.262,0.259,0.259,5,125984934,125984934,0,0,0,0,13906202
2026-10-04T00,1,9,0.263,0.263,0.263,0.263,3,17176508,17176508,0,0,0,0,0
2026-10-04T00,1,10,0.26,0.26,0.26,0.26,12,77507851,73857851,0,10473259,0,0,12667933
2026-10-04T00,1,11,0.262,0.262,0.26,0.26,4,33544938,33544938,0,0,0,0,1558524
2026-10-04T00,1,12,0.261,0.261,0.261,0.261,14,130735881,124692513,0,0,0,0,662974
2026-10-04T00,2,0,0.368,0.373,0.364,0.364,141,39837834,23924651,1040520,8382355,0,10000000,15876183
2026-10-04T00,2,1,0.378,0.387,0.378,0.384,26,8413642,6897728,828037,754722,0,0,2145754
2026-10-04T00,2,2,0.384,0.386,0.384,0.385,45,52712427,41648053,3439515,573031,0,0,703894
2026-10-04T00,2,3,0.407,0.407,0.405,0.405,26,57452359,24224431,265992,0,0,0,2326158
2026-10-04T00,2,4,0.45,0.45,0.449,0.449,32,55952899,21961328,1330683,0,0,0,3259154
2026-10-04T00,2,5,0.486,0.486,0.486,0.486,13,57878712,57878712,838932,0,0,0,0
2026-10-04T00,2,6,0.505,0.505,0.505,0.505,7,6267116,2465079,0,0,0,0,0
2026-10-04T00,2,7,0.51,0.51,0.51,0.51,5,10205088,9420084,66360,0,0,0,120680
2026-10-04T00,2,8,0.565,0.565,0.565,0.565,1,4048296,4048296,0,0,0,0,0
2026-10-04T00,2,9,0.54,0.54,0.54,0.54,3,5178508,5178508,0,0,0,0,0
2026-10-04T00,2,10,0.535,0.535,0.535,0.535,11,33442481,10456922,0,0,0,0,0
2026-10-04T00,2,11,0.56,0.565,0.56,0.565,7,24585916,12355476,460020,539980,0,0,0
2026-10-04T00,2,12,0.69,0.69,0.69,0.69,6,4952445,4453446,0,0,0,0,0
2026-10-04T00,3,0,2.15,2.25,2.15,2.2,191,3260720,10821,101,222144,0,0,942
2026-10-04T00,3,1,2.4,2.4,2.4,2.4,15,220345,161371,0,0,0,0,0
2026-10-04T00,3,2,2.45,2.45,2.45,2.45,12,1387183,73454,0,0,0,0,0
2026-10-04T00,3,3,2.75,2.75,2.75,2.75,7,1153424,204463,73544,0,0,0,0
2026-10-04T00,3,4,3.05,3.05,3.05,3.05,8,1554236,992254,0,0,0,0,0
2026-10-04T00,3,5,3.5,3.5,3.5,3.5,3,4273864,4273864,0,0,0,0,0
2026-10-04T00,3,6,3.6,3.6,3.6,3.6,2,3133163,3133163,0,0,0,0,0
2026-10-04T00,3,7,4.4,4.4,4.4,4.4,1,100000,100000,0,0,0,0,0
2026-10-04T00,3,8,4.45,4.45,4.45,4.45,1,5203320,5203320,0,0,0,0,0
2026-10-04T00,3,9,4.5,4.5,4.5,4.5,1,100000,100000,0,0,0,0,0
2026-10-04T00,4,0,2.55,2.7,2.45,2.7,46,778220,711757,850,22798,2190,0,2277
2026-10-04T00,4,1,2.65,2.8,2.65,2.8,2,228245,228245,0,21501,0,0,0
2026-10-04T00,4,2,2.8,2.8,2.75,2.75,10,879553,238482,0,0,0,0,6500
2026-10-04T00,4,3,3.0,3.0,3.0,3.0,6,661061,434231,0,0,0,0,0
2026-10-04T00,4,4,3.0,3.0,3.0,3.0,8,5328879,2107469,0,0,0,0,0
2026-10-04T00,4,5,3.5,3.5,3.35,3.35,17,2262274,34797,0,0,0,0,30000
2026-10-04T00,4,6,4.3,4.3,4.3,4.3,10,2583819,1364514,0,0,0,0,0
2026-10-04T00,4,7,4.85,4.85,4.85,4.85,5,365256,312924,0,0,0,0,0
2026-10-04T00,4,8,5.1,5.1,5.1,5.1,4,375649,370649,0,0,0,0,0
2026-10-04T00,4,9,5.5,5.5,5.5,5.5,1,5000,5000,0,0,0,0,0
2026-10-04T00,4,11,6.4,6.4,6.4,6.4,4,148354,98344,0,0,0,0,0
2026-10-04T00,5,0,2.9,2.95,2.75,2.85,63,350126,2203,464,18972,0,0,20009
2026-10-04T00,5,1,3.1,3.1,3.1,3.1,9,416750,55440,0,0,0,0,0
2026-10-04T00,5,2,3.05,3.05,3.05,3.05,9,1155070,277208,0,0,0,0,16546
2026-10-04T00,5,3,3.25,3.25,3.25,3.25,7,373272,294267,0,0,0,0,0
2026-10-04T00,5,4,3.35,3.35,3.35,3.35,6,1551573,1364662,0,0,0,0,0
2026-10-04T00,5,5,3.45,3.45,3.45,3.45,5,256978,204800,0,0,0,0,0
2026-10-04T00,5,6,5.0,5.0,5.0,5.0,1,99998,99998,0,0,0,0,0
2026-10-04T00,6,0,0.66,0.66,0.655,0.655,79,16052360,1120339,0,0,0,0,7262
2026-10-04T00,6,1,0.71,0.71,0.71,0.71,14,6668674,1296672,0,0,0,0,0
2026-10-04T00,6,2,0.72,0.72,0.72,0.72,19,11326110,2636958,0,0,0,0,0
2026-10-04T00,6,3,0.805,0.805,0.805,0.805,8,3467614,2631949,0,0,0,0,0
2026-10-04T00,6,4,0.845,0.845,0.845,0.845,6,2077231,1185738,0,0,0,0,0
2026-10-04T00,6,5,0.99,0.99,0.99,0.99,3,39140544,1747514,0,0,0,0,0
2026-10-04T00,6,6,1.1,1.1,1.1,1.1,4,1969080,1969080,0,0,0,0,0
2026-10-04T00,6,7,1.11,1.11,1.11,1.11,7,1540828,150010,0,0,0,0,0
2026-10-04T00,6,8,1.84,1.84,1.84,1.84,3,450009,450000,0,0,0,0,0
2026-10-04T00,6,9,1.89,1.89,1.89,1.89,1,160000,160000,0,0,0,0,0
2026-10-04T00,6,10,1.94,1.94,1.94,1.94,8,7030998,3150000,0,0,0,0,0
2026-10-04T00,6,11,2.5,2.5,2.5,2.5,2,704999,700000,0,0,0,0,0
2026-10-04T00,6,12,3.0,3.0,3.0,3.0,1,295000,295000,0,0,0,0,0
2026-10-04T00,7,0,37.75,38.25,37.0,38.25,47,111680,37617,182,960,0,0,902
2026-10-04T00,7,1,38.0,38.5,38.0,38.5,7,10607,10607,535,393,0,0,0
2026-10-04T00,7,2,38.5,38.5,38.5,38.5,8,92375,92375,0,0,0,0,0
2026-10-04T00,7,3,38.0,40.0,38.0,40.0,7,69643,36254,1026,2178,0,0,0
2026-10-04T00,7,4,42.75,42.75,42.75,42.75,7,74438,68422,0,0,0,0,0
2026-10-04T00,7,5,44.0,44.0,44.0,44.0,4,116398,65000,0,0,0,0,0
2026-10-04T00,7,6,50.0,50.0,50.0,50.0,5,145707,32447,0,0,0,0,0
2026-10-04T00,7,7,56.0,56.0,56.0,56.0,1,35178,35178,0,0,0,0,0
2026-10-04T00,7,8,60.0,60.0,60.0,60.0,1,35165,35165,0,0,0,0,0
2026-10-04T00,8,0,10.5,10.5,10.4,10.5,27,224903,122412,701,901,0,0,1150
2026-10-04T00,8,1,11.0,11.0,10.9,10.9,3,49323,49323,0,0,0,0,10000
2026-10-04T00,8,2,11.1,11.1,11.1,11.1,11,131373,50301,0,0,0,0,0
2026-10-04T00,8,3,11.1,11.1,11.1,11.1,10,562431,251967,0,0,0,0,0
2026-10-04T00,8,4,11.5,11.5,11.5,11.5,4,284491,43310,0,0,0,0,0
2026-10-04T00,8,5,12.4,12.4,12.4,12.4,4,105567,84438,0,0,0,0,0
2026-10-04T00,8,6,15.2,15.2,15.2,15.2,4,141248,141248,0,0,0,0,0
2026-10-04T00,8,7,15.2,15.2,15.2,15.2,4,6432,6432,0,0,0,0,0
2026-10-04T00,9,0,1.25,1.25,1.21,1.21,78,390696,105800,2,71641,0,0,31802
2026-10-04T00,9,1,1.25,1.26,1.25,1.25,9,61751,61751,0,36,0,0,450
2026-10-04T00,9,2,1.25,1.26,1.25,1.26,15,1971011,947666,7138,605,0,0,7743
2026-10-04T00,9,3,1.3,1.3,1.3,1.3,14,2670832,1410832,0,0,0,0,0
2026-10-04T00,9,4,1.33,1.33,1.33,1.33,6,1241343,705862,0,0,0,0,0
2026-10-04T00,9,5,1.47,1.47,1.47,1.47,10,1372892,851985,0,0,0,0,0
2026-10-04T00,9,6,1.98,1.98,1.98,1.98,1,5000,5000,0,0,0,0,0
2026-10-04T00,9,7,1.63,1.63,1.63,1.63,19,5428889,6,0,0,0,0,0
2026-10-04T00,10,0,27.5,28.25,27.5,28.0,45,635011,530010,13580,12137,0,0,131459
2026-10-04T00,10,1,28.5,28.5,28.0,28.5,26,645766,633677,0,1856,0,0,1856
2026-10-04T00,10,2,28.5,28.5,28.25,28.5,28,2084972,811706,25379,53567,0,0,57031
2026-10-04T00,10,3,28.25,28.75,28.25,28.75,29,2178888,870692,72244,30944,0,0,21108
2026-10-04T00,10,4,28.75,29.0,28.75,29.0,21,3367128,1667317,20342,1358,0,0,0
2026-10-04T00,10,5,29.25,29.25,29.0,29.0,9,453298,453298,0,0,0,0,50000
2026-10-04T00,10,6,30.0,30.0,30.0,30.0,5,322356,285772,0,0,0,0,0
2026-10-04T00,10,7,30.0,30.0,30.0,30.0,3,255022,255022,0,0,0,0,0
2026-10-04T00,10,8,31.0,31.0,31.0,31.0,1,100000,100000,0,0,0,0,0
2026-10-04T00,10,9,31.0,31.0,31.0,31.0,1,2500,2500,0,0,0,0,0
2026-10-04T00,10,10,30.5,30.5,30.5,30.5,5,312442,312442,0,0,0,0,0
2026-10-04T00,10,11,30.0,30.0,30.0,30.0,5,129442,129442,0,0,0,0,0
2026-10-04T00,10,12,34.0,34.0,34.0,34.0,5,59780,59778,0,0,0,0,0
2026-10-04T00,11,0,38.0,38.25,38.0,38.25,19,138511,106522,13758,1032,0,0,1032
2026-10-04T00,11,1,38.5,38.5,38.25,38.5,16,1244123,114152,0,8028,0,0,9235
2026-10-04T00,11,2,38.75,39.0,38.75,38.75,13,198164,198164,0,612,0,0,30136
2026-10-04T00,11,3,39.0,39.25,39.0,39.25,10,198152,198152,0,10,0,0,0
2026-10-04T00,11,4,39.25,39.5,39.25,39.25,12,226719,203967,0,17284,0,25920,48705
2026-10-04T00,11,5,40.0,40.0,40.0,40.0,12,600992,351002,0,0,0,0,0
2026-10-04T00,11,6,42.0,42.0,42.0,42.0,1,30000,30000,0,0,0,0,0
2026-10-04T00,11,7,43.0,43.0,43.0,43.0,1,846890,846890,0,0,0,0,0
2026-10-04T00,11,8,43.0,43.0,43.0,43.0,2,12000,12000,0,0,0,0,0
2026-10-04T00,11,11,43.0,43.0,43.0,43.0,4,68880,68880,0,0,0,0,0
2026-10-04T00,12,0,38.25,38.25,38.25,38.25,31,786076,329522,19430,2976,0,0,143523
2026-10-04T00,12,1,38.25,38.75,38.0,38.0,22,758264,200373,0,12240,0,0,4899
2026-10-04T00,12,2,38.75,38.75,38.5,38.75,20,348398,347388,0,5014,0,0,5014
2026-10-04T00,12,3,39.0,39.25,39.0,39.25,21,493352,366594,0,90025,0,0,15606
2026-10-04T00,12,4,39.25,39.5,39.25,39.5,11,667459,667459,0,150000,0,0,0
2026-10-04T00,12,5,39.5,39.5,39.5,39.5,13,807612,572612,0,0,0,0,0
2026-10-04T00,12,6,40.75,40.75,40.75,40.75,4,71163,71163,0,0,0,0,0
2026-10-04T00,12,7,42.0,42.0,42.0,42.0,4,83320,33320,0,0,0,0,0
2026-10-04T00,12,8,60.0,60.0,60.0,60.0,1,100000,100000,0,0,0,0,0
2026-10-04T00,12,9,55.0,55.0,55.0,55.0,1,14776,14776,0,0,0,0,0
2026-10-04T00,13,0,0.359,0.359,0.356,0.359,140,928654416,66619805,2470975,4114988,0,25000000,35661272
2026-10-04T00,14,0,11.0,11.4,11.0,11.2,37,949253,416026,22147,212337,0,0,117073
2026-10-04T00,14,1,11.4,11.5,11.4,11.5,11,2000779,1918619,10048,5149,0,0,5149
2026-10-04T00,14,2,11.4,11.7,11.4,11.7,11,997286,993672,150296,52704,0,0,203000
2026-10-04T00,14,3,11.6,11.6,11.6,11.6,21,3485053,2925196,0,0,0,0,0
2026-10-04T00,14,4,11.6,11.6,11.6,11.6,6,913462,813462,0,0,0,0,0
2026-10-04T00,14,5,11.9,11.9,11.9,11.9,6,1414863,1414863,0,0,0,0,0
2026-10-04T00,14,6,12.5,12.5,12.5,12.5,10,972499,165929,0,0,0,0,0
2026-10-04T00,14,7,13.9,13.9,13.9,13.9,1,161059,161059,0,0,0,0,0
2026-10-04T00,14,8,13.9,13.9,13.9,13.9,1,372,372,0,0,0,0,0
2026-10-04T00,14,10,14.0,14.0,14.0,14.0,1,752314,752314,0,0,0,0,0
2026-10-04T00,14,11,14.3,14.3,14.3,14.3,4,100166,100166,0,0,0,0,0
2026-10-04T00,15,0,10.1,10.1,9.5,9.5,39,1358432,131260,11400,0,0,0,142660
2026-10-04T00,15,1,10.2,10.2,10.2,10.2,11,482794,298264,0,0,0,0,0
2026-10-04T00,15,2,10.0,10.0,10.0,10.0,14,1772668,632501,51936,0,0,0,402154
2026-10-04T00,15,3,10.2,10.2,10.2,10.2,12,1322240,1043335,22894,0,0,0,0
2026-10-04T00,15,4,10.5,10.5,10.5,10.5,9,853600,721196,0,0,0,0,0
2026-10-04T00,15,5,11.1,11.1,11.1,11.1,3,235229,135229,0,0,0,0,0
2026-10-04T00,15,6,11.3,11.3,11.3,11.3,1,704401,704401,0,0,0,0,0
2026-10-04T00,15,8,14.5,14.5,14.5,14.5,1,999,999,0,0,0,0,0
2026-10-04T00,15,10,21.5,21.5,21.5,21.5,2,42196,42196,0,0,0,0,0
2026-10-04T00,16,0,7.4,7.5,7.3,7.5,26,700204,130808,27783,50229,0,0,8453
2026-10-04T00,16,1,7.3,7.6,7.3,7.6,25,1254807,343397,1784,37483,0,0,30112
2026-10-04T00,16,2,7.5,7.6,7.4,7.6,24,918499,69871,152740,47905,0,0,33699
2026-10-04T00,16,3,7.7,7.7,7.7,7.7,22,3893773,573164,0,0,0,0,21313
2026-10-04T00,16,4,7.9,7.9,7.9,7.9,22,3235205,2676041,0,0,0,0,0
2026-10-04T00,16,5,7.8,8.2,7.8,8.2,7,1428850,1428850,0,158936,0,0,0
2026-10-04T00,16,6,7.9,7.9,7.9,7.9,19,2381031,661281,0,0,0,0,0
2026-10-04T00,16,7,7.9,7.9,7.9,7.9,2,123481,123481,0,0,0,0,0
2026-10-04T00,16,8,7.9,8.0,7.9,8.0,1,50000,50000,0,35244,0,0,0
2026-10-04T00,16,9,8.6,8.6,8.6,8.6,1,757266,757266,0,0,0,0,0
2026-10-04T00,16,11,8.0,8.0,8.0,8.0,5,974137,974137,0,0,0,0,72700
2026-10-04T00,16,12,8.0,8.0,8.0,8.0,10,5313905,3600648,0,0,0,0,0
2026-10-04T00,17,0,14.3,14.6,14.1,14.6,13,110510,52197,13744,35197,0,0,48941
2026-10-04T00,17,1,14.4,14.6,14.4,14.6,15,491001,490901,52791,13987,0,0,3483
2026-10-04T00,17,2,14.6,14.7,14.6,14.6,19,690652,688659,12638,13024,0,0,173291
2026-10-04T00,17,3,14.8,14.8,14.7,14.7,15,1610539,1295446,96352,0,0,0,2288
2026-10-04T00,17,4,14.9,14.9,14.9,14.9,19,3136878,3036878,80000,0,0,0,0
2026-10-04T00,17,5,15.2,15.2,15.2,15.2,8,964725,769213,0,0,0,0,0
2026-10-04T00,17,6,15.1,15.3,15.1,15.3,7,860134,860134,0,228969,0,0,0
2026-10-04T00,17,7,15.5,15.5,15.5,15.5,5,1208355,1208355,0,0,0,0,0
2026-10-04T00,17,8,15.7,15.7,15.7,15.7,5,550363,550000,0,0,0,0,0
2026-10-04T00,17,9,15.8,15.8,15.8,15.8,5,545064,355064,0,0,0,0,0
2026-10-04T00,17,10,15.5,15.5,15.5,15.5,2,906617,906617,0,0,0,0,0
2026-10-04T00,17,11,18.8,18.8,18.8,18.8,1,40000,40000,0,0,0,0,0
2026-10-04T00,17,12,18.9,18.9,18.9,18.9,1,38900,38900,0,0,0,0,0
2026-10-04T00,18,0,19.6,19.6,19.6,19.6,25,275659,246684,12909,3972,0,0,110670
2026-10-04T00,18,1,20.25,20.25,19.8,19.8,19,600435,14214,0,0,0,0,3284
2026-10-04T00,18,2,20.25,20.25,20.0,20.25,16,1038628,880133,41312,1577,0,0,1577
2026-10-04T00,18,3,20.5,20.5,20.25,20.5,17,584268,469435,50,26511,0,0,26511
2026-10-04T00,18,4,20.75,20.75,20.25,20.5,8,627292,446881,0,19,0,0,22005
2026-10-04T00,18,5,20.75,20.75,20.75,20.75,10,1549542,1243466,0,0,0,0,0
2026-10-04T00,18,6,20.75,20.75,20.75,20.75,11,1056355,525045,0,0,0,0,0
2026-10-04T00,18,7,22.25,22.25,22.25,22.25,2,42489,41669,0,0,0,0,0
2026-10-04T00,18,8,24.75,24.75,24.75,24.75,4,156420,45670,0,0,0,0,0
2026-10-04T00,18,9,28.0,28.0,28.0,28.0,2,102499,102499,0,0,0,0,0
2026-10-04T00,19,0,10.4,10.4,10.4,10.4,20,442242,420540,8529,141,0,0,198994
2026-10-04T00,19,1,10.8,10.8,10.7,10.7,11,139392,89918,17500,0,0,0,36836
2026-10-04T00,19,2,11.1,11.1,11.1,11.1,10,756161,639128,0,0,0,0,0
2026-10-04T00,19,3,11.1,11.1,11.0,11.1,9,598147,392483,4032,7038,0,0,1070
2026-10-04T00,19,4,11.3,11.3,11.1,11.1,7,237867,237867,16029,0,0,0,32560
2026-10-04T00,19,5,11.2,11.2,11.2,11.2,6,682307,569109,16374,0,0,0,0
2026-10-04T00,19,6,11.4,11.4,11.4,11.4,7,543225,297693,0,0,0,0,0
2026-10-04T00,19,7,11.6,11.6,11.6,11.6,6,172459,156000,0,0,0,0,0
2026-10-04T00,19,8,11.7,11.7,11.7,11.7,11,814934,501875,0,0,0,0,0
2026-10-04T00,19,9,14.2,14.2,14.2,14.2,9,697000,447000,0,0,0,0,0
2026-10-04T00,19,10,15.4,15.4,15.0,15.0,8,764767,418809,0,0,177221,5224,177221
2026-10-04T00,19,11,18.8,18.8,18.8,18.8,8,172409,172409,0,0,0,0,0
2026-10-04T00,20,0,104.0,105.0,104.0,104.0,43,135388,17586,190,50,0,0,523
2026-10-04T00,20,1,102.0,110.0,102.0,110.0,17,21225,13694,1616,660,0,0,0
2026-10-04T00,20,2,111.0,111.0,111.0,111.0,28,135630,22349,0,0,0,0,0
2026-10-04T00,20,3,116.0,116.0,116.0,116.0,18,134397,86440,0,0,0,0,278
2026-10-04T00,20,4,119.0,119.0,119.0,119.0,15,297796,222256,0,0,0,0,0
2026-10-04T00,20,5,119.0,119.0,119.0,119.0,17,484917,176968,0,0,0,0,0
2026-10-04T00,20,6,125.0,125.0,125.0,125.0,2,4786,4786,0,0,0,0,0
2026-10-04T00,20,7,133.0,133.0,133.0,133.0,3,65624,65624,0,0,0,0,0
2026-10-04T00,21,0,55.0,55.0,55.0,55.0,15,138779,18312,0,0,0,0,3895
2026-10-04T00,21,1,55.0,55.0,54.5,55.0,11,93725,41225,2854,3542,0,0,6036
2026-10-04T00,21,2,55.0,56.0,55.0,56.0,23,336820,245890,250,1750,2000,1000,2000
2026-10-04T00,21,3,55.5,55.5,55.0,55.0,32,920388,517671,10516,0,0,0,211333
2026-10-04T00,21,4,56.5,56.5,56.5,56.5,17,839876,482441,0,0,0,0,0
2026-10-04T00,21,5,60.5,60.5,60.5,60.5,9,246981,230510,0,0,0,0,0
2026-10-04T00,21,6,59.5,59.5,59.5,59.5,11,461382,12573,0,0,0,0,0
2026-10-04T00,21,7,64.5,64.5,64.5,64.5,4,239609,224609,0,0,0,0,0
2026-10-04T00,21,8,66.5,66.5,66.5,66.5,1,12000,12000,0,0,0,0,0
2026-10-04T00,21,11,68.0,68.0,68.0,68.0,1,20000,20000,0,0,0,0,0
2026-10-04T00,22,0,96.0,96.5,95.5,96.5,25,559329,545374,120,1267,0,0,1521
2026-10-04T00,22,1,96.5,96.5,95.5,96.5,11,27230,24154,736,3009,0,0,3249
2026-10-04T00,22,2,96.0,98.0,96.0,97.0,14,64590,38591,6992,3008,0,0,2753
2026-10-04T00,22,3,98.0,98.0,98.0,98.0,25,286562,71783,0,0,0,0,0
2026-10-04T00,22,4,99.0,99.0,98.0,98.0,20,376015,126393,0,0,0,0,1464
2026-10-04T00,22,5,98.5,98.5,98.5,98.5,29,763493,435310,0,0,0,0,0
2026-10-04T00,22,6,99.5,99.5,98.5,98.5,15,229884,87613,0,0,0,0,873
2026-10-04T00,22,7,99.0,99.0,98.5,98.5,23,231441,36032,0,0,0,0,1
2026-10-04T00,22,8,116.0,116.0,116.0,116.0,4,68035,38035,0,0,0,0,0
2026-10-04T00,22,9,118.0,118.0,118.0,118.0,6,69978,4918,0,0,0,0,0
2026-10-04T00,22,10,118.0,118.0,118.0,118.0,6,53764,19000,0,0,0,0,0
2026-10-04T00,22,11,129.0,129.0,129.0,129.0,4,51274,41336,0,0,0,0,0
2026-10-04T00,23,0,112.0,114.0,112.0,113.0,24,75227,19072,4393,2031,0,0,1492
2026-10-04T00,23,1,120.0,120.0,120.0,120.0,4,19796,19796,0,450,0,0,0
2026-10-04T00,23,2,117.0,118.0,117.0,117.0,16,122794,84025,312,1576,0,0,500
2026-10-04T00,23,3,118.0,118.0,118.0,118.0,8,120173,40569,913,0,0,0,0
2026-10-04T00,23,4,118.0,119.0,118.0,119.0,16,280240,206586,1766,1670,0,0,0
2026-10-04T00,23,5,122.0,122.0,122.0,122.0,13,133586,43398,0,0,0,0,0
2026-10-04T00,23,6,121.0,121.0,121.0,121.0,11,234834,210216,2304,0,0,0,0
2026-10-04T00,23,7,122.0,122.0,122.0,122.0,4,111675,103385,0,0,0,0,0
2026-10-04T00,23,8,133.0,133.0,133.0,133.0,2,53002,53002,0,0,0,0,0
2026-10-04T00,23,9,134.0,134.0,134.0,134.0,4,173543,173543,0,0,0,0,0
2026-10-04T00,23,10,144.0,144.0,144.0,144.0,2,95594,95594,0,0,0,0,0
2026-10-04T00,23,11,146.0,146.0,146.0,146.0,3,20318,19978,0,0,0,0,0
2026-10-04T00,24,0,590.0,590.0,585.0,590.0,28,7239,6626,0,6,0,0,12
2026-10-04T00,24,1,590.0,590.0,590.0,590.0,8,6606,6409,170,0,0,0,0
2026-10-04T00,24,2,595.0,595.0,595.0,595.0,13,17654,17626,0,0,0,0,0
2026-10-04T00,24,3,600.0,600.0,600.0,600.0,5,13575,13575,0,0,0,0,0
2026-10-04T00,24,4,610.0,610.0,610.0,610.0,4,17696,17696,0,0,0,0,0
2026-10-04T00,24,5,615.0,615.0,615.0,615.0,12,46370,41370,0,0,0,0,0
2026-10-04T00,24,6,650.0,650.0,650.0,650.0,3,3948,2948,0,0,0,0,0
2026-10-04T00,24,7,635.0,635.0,635.0,635.0,5,9450,9450,0,0,0,0,0
2026-10-04T00,24,8,750.0,750.0,750.0,750.0,2,200,100,0,0,0,0,0
2026-10-04T00,24,12,1000.0,1000.0,1000.0,1000.0,1,10,10,0,0,0,0,0
2026-10-04T00,25,0,725.0,740.0,725.0,740.0,28,12237,6160,90,86,0,0,0
2026-10-04T00,25,1,730.0,745.0,730.0,745.0,7,4411,4042,480,1370,0,0,2000
2026-10-04T00,25,2,750.0,750.0,750.0,750.0,10,43617,13875,0,0,0,0,255
2026-10-04T00,25,3,765.0,765.0,765.0,765.0,14,24017,24017,0,0,0,0,0
2026-10-04T00,25,4,790.0,790.0,790.0,790.0,6,19500,19500,0,0,0,0,1000
2026-10-04T00,25,5,795.0,795.0,795.0,795.0,7,44764,44764,0,0,0,0,0
2026-10-04T00,25,6,800.0,800.0,800.0,800.0,3,5736,5736,0,0,0,0,0
2026-10-04T00,25,7,805.0,805.0,805.0,805.0,11,36168,13243,0,0,0,0,0
2026-10-04T00,25,8,1500.0,1500.0,1500.0,1500.0,1,25,25,0,0,0,0,0
2026-10-04T00,25,12,2200.0,2200.0,2200.0,2200.0,1,8,8,0,0,0,0,0
2026-10-04T00,26,0,1130.0,1130.0,1130.0,1130.0,9,1850,1684,0,0,0,0,0
2026-10-04T00,26,1,1130.0,1130.0,1130.0,1130.0,11,9932,2612,0,0,0,0,0
2026-10-04T00,26,2,1150.0,1150.0,1150.0,1150.0,11,8607,8605,0,0,0,0,0
2026-10-04T00,26,3,1180.0,1180.0,1180.0,1180.0,11,12300,11298,0,0,0,0,806
2026-10-04T00,26,4,1210.0,1210.0,1210.0,1210.0,3,4082,4082,0,0,0,0,0
2026-10-04T00,26,5,1220.0,1220.0,1210.0,1210.0,6,6088,6088,0,0,0,0,310
2026-10-04T00,26,6,1250.0,1250.0,1250.0,1250.0,3,3932,964,0,0,0,0,0
2026-10-04T00,26,7,1310.0,1310.0,1310.0,1310.0,1,2000,2000,0,0,0,0,0
2026-10-04T00,26,12,2600.0,2600.0,2600.0,2600.0,1,7,7,0,0,0,0,0
2026-10-04T00,27,0,535.0,535.0,535.0,535.0,6,2878,2674,0,0,0,0,0
2026-10-04T00,27,1,545.0,545.0,545.0,545.0,3,1849,1849,0,0,0,0,0
2026-10-04T00,27,2,555.0,555.0,555.0,555.0,3,2381,2381,0,0,0,0,0
2026-10-04T00,27,3,565.0,565.0,565.0,565.0,3,15,15,0,0,0,0,0
2026-10-04T00,27,4,570.0,570.0,570.0,570.0,7,35972,35972,0,0,0,0,0
2026-10-04T00,27,5,605.0,605.0,605.0,605.0,9,30735,30335,0,0,0,0,0
2026-10-04T00,27,6,625.0,625.0,625.0,625.0,5,28349,28349,0,0,0,0,0
2026-10-04T00,27,7,655.0,655.0,655.0,655.0,1,10000,10000,0,0,0,0,0
2026-10-04T00,27,10,670.0,670.0,670.0,670.0,1,13840,13840,0,0,0,0,0
2026-10-04T00,27,12,660.0,660.0,660.0,660.0,6,4483,4483,0,0,0,0,0
2026-10-04T00,28,0,890.0,890.0,890.0,890.0,15,9641,5307,0,0,0,0,0
2026-10-04T00,28,1,910.0,910.0,910.0,910.0,5,7451,7451,0,0,0,0,0
2026-10-04T00,28,2,920.0,920.0,920.0,920.0,6,3277,3277,0,0,0,0,0
2026-10-04T00,28,3,920.0,920.0,920.0,920.0,3,6749,6749,0,0,0,0,2917
2026-10-04T00,28,4,935.0,940.0,935.0,940.0,7,27450,27450,0,3165,0,0,0
2026-10-04T00,28,5,985.0,985.0,985.0,985.0,4,5586,4586,0,0,0,0,0
2026-10-04T00,28,6,950.0,950.0,950.0,950.0,6,5276,4616,0,0,0,0,0
2026-10-04T00,28,7,1020.0,1020.0,1020.0,1020.0,3,3250,1750,0,0,0,0,0
2026-10-04T00,28,12,1600.0,1600.0,1600.0,1600.0,1,7,7,0,0,0,0,0
2026-10-04T00,29,0,96.0,98.0,95.5,98.0,57,1313881,375963,200,27847,0,0,12139
2026-10-04T00,30,0,146.0,146.0,145.0,146.0,55,857094,130854,5979,680,0,0,71
2026-10-04T00,31,0,176.0,178.0,176.0,176.0,71,377588,93234,10183,403,0,0,13615
2026-10-04T00,32,0,197.0,197.0,195.0,195.0,53,433143,21287,1100,0,0,0,10823
2026-10-04T00,33,0,100.0,102.0,99.5,102.0,57,657225,107312,21,28003,0,0,1374
2026-10-04T00,34,0,85.0,85.0,83.5,84.5,75,978127,188922,628,1702,0,0,3093
2026-10-04T00,35,0,69.5,69.5,68.5,68.5,96,1846804,298203,1000,0,0,0,702
2026-10-04T00,40,0,1.42,1.43,1.42,1.43,64,651930,372113,8190,5000,0,0,0
2026-10-04T00,40,1,1.51,1.51,1.49,1.49,16,2537718,1884580,0,0,0,0,13932
2026-10-04T00,40,2,1.55,1.55,1.5,1.5,15,9925849,5276772,0,0,0,0,52730
2026-10-04T00,40,3,1.6,1.6,1.5,1.5,12,8423247,1985,0,0,0,0,1985
2026-10-04T00,40,4,1.68,1.68,1.68,1.68,8,2205969,17993,0,0,0,0,11993
2026-10-04T00,40,5,1.92,1.92,1.92,1.92,1,5000,5000,0,0,0,0,0
2026-10-04T00,40,6,1.91,1.91,1.91,1.91,4,431150,227150,0,0,0,0,0
2026-10-04T00,40,7,2.0,2.0,2.0,2.0,3,1966631,1500000,0,0,0,0,0
2026-10-04T00,40,8,2.45,2.45,2.45,2.45,2,620625,620625,0,0,0,0,0
2026-10-04T00,40,9,3.35,3.35,3.35,3.35,1,4979,4979,0,0,0,0,0
2026-10-04T00,41,0,4.4,4.45,4.4,4.45,16,178248,63750,5462,3059,0,0,0
2026-10-04T00,41,1,4.65,4.65,4.65,4.65,10,155183,33004,0,0,0,0,0
2026-10-04T00,41,2,4.7,4.7,4.6,4.6,12,1358839,169122,0,0,0,0,1809
2026-10-04T00,41,3,4.7,4.7,4.7,4.7,6,753449,415177,0,0,0,0,0
2026-10-04T00,41,4,4.85,4.85,4.85,4.85,10,2390378,454972,75194,0,0,0,0
2026-10-04T00,41,5,4.65,5.2,4.65,5.2,7,2714108,1781452,200000,7327,0,0,646
2026-10-04T00,41,6,7.0,7.0,7.0,7.0,1,84000,84000,0,0,0,0,0
2026-10-04T00,41,7,6.5,6.5,6.5,6.5,2,381800,48593,0,0,0,0,0
2026-10-04T00,41,8,7.5,7.5,7.5,7.5,2,230730,170000,0,0,0,0,0
2026-10-04T00,41,9,9.9,9.9,9.9,9.9,1,51933,51933,0,0,0,0,0
2026-10-04T00,41,10,9.9,9.9,9.9,9.9,1,399,399,0,0,0,0,0
2026-10-04T00,42,0,4.9,5.1,4.9,5.0,14,3609394,32465,13017,23493,0,0,44669
2026-10-04T00,42,1,5.3,5.3,5.3,5.3,7,202320,141320,1268,0,0,0,0
2026-10-04T00,42,2,5.3,5.4,5.3,5.4,3,137931,137931,21020,18115,0,0,0
2026-10-04T00,42,3,5.4,5.4,5.4,5.4,6,421347,121347,9375,0,0,0,20430
2026-10-04T00,42,4,5.5,5.5,5.5,5.5,20,7392801,554898,0,0,0,0,0
2026-10-04T00,42,5,6.0,6.0,6.0,6.0,7,5777081,1408641,0,0,0,0,0
2026-10-04T00,42,6,7.9,7.9,7.9,7.9,1,96726,96726,0,0,0,0,0
2026-10-04T00,42,7,8.4,8.4,8.4,8.4,1,99899,99899,0,0,0,0,0
2026-10-04T00,43,0,11.2,11.3,11.2,11.2,12,69758,67613,6888,800,0,0,1486
2026-10-04T00,43,1,11.4,11.4,11.4,11.4,13,1122861,99720,0,0,0,0,0
2026-10-04T00,43,2,11.5,11.5,11.4,11.4,10,397142,347141,6723,0,0,0,23849
2026-10-04T00,43,3,11.8,11.8,11.7,11.7,7,1002740,1002740,0,0,0,0,420190
2026-10-04T00,43,4,11.8,11.8,11.8,11.8,6,563672,563672,26388,0,0,0,0
2026-10-04T00,43,5,12.0,12.0,12.0,12.0,7,1123509,549807,0,0,0,0,0
2026-10-04T00,43,6,15.1,15.1,15.1,15.1,2,258447,258447,0,0,0,0,0
2026-10-04T00,43,7,14.9,14.9,14.9,14.9,13,1258786,694301,0,0,0,0,0
2026-10-04T00,43,8,17.9,17.9,17.9,17.9,4,107500,57500,0,0,0,0,0
2026-10-04T00,43,9,24.0,24.0,24.0,24.0,4,27000,5000,0,0,0,0,0
2026-10-04T00,44,0,1.27,1.31,1.26,1.28,32,6058352,2001207,127793,163727,0,0,294383
2026-10-04T00,44,1,1.32,1.32,1.32,1.32,7,1237920,624229,72108,0,0,0,0
2026-10-04T00,44,2,1.33,1.33,1.33,1.33,9,2895134,1734612,0,0,0,0,0
2026-10-04T00,44,3,1.32,1.33,1.32,1.33,14,14761198,3189991,881163,128838,0,0,10000
2026-10-04T00,44,4,1.37,1.37,1.37,1.37,10,2851046,1810074,0,0,0,0,0
2026-10-04T00,44,5,1.33,1.33,1.33,1.33,13,7292748,2032169,32523,0,0,0,0
2026-10-04T00,44,6,1.38,1.38,1.38,1.38,4,2072832,2072632,0,0,0,0,0
2026-10-04T00,44,7,1.65,1.65,1.65,1.65,1,450450,450450,0,0,0,0,0
2026-10-04T00,44,10,2.0,2.0,2.0,2.0,1,100000,100000,0,0,0,0,0
2026-10-04T00,45,0,11.9,12.0,11.9,12.0,18,537226,391919,250,8899,0,0,53142
2026-10-04T00,45,1,12.2,12.2,12.2,12.2,4,100108,96978,0,0,0,0,0
2026-10-04T00,45,2,12.3,12.3,12.3,12.3,7,463128,332522,0,0,0,0,0
2026-10-04T00,45,3,12.2,12.2,12.1,12.1,23,836205,332999,858,0,0,0,41729
2026-10-04T00,45,4,13.0,13.0,13.0,13.0,26,709866,395082,0,0,0,0,0
2026-10-04T00,45,5,14.3,14.3,14.3,14.3,2,62373,62373,0,0,0,0,0
2026-10-04T00,45,6,14.4,14.4,14.4,14.4,1,200000,200000,0,0,0,0,0
2026-10-04T00,45,7,13.9,13.9,13.9,13.9,5,898900,798900,0,0,0,0,0
2026-10-04T00,45,12,15.0,15.0,15.0,15.0,2,502498,500000,0,0,0,0,0
2026-10-04T00,46,0,24.75,26.25,24.5,25.75,38,89086,85341,242,1975,84,945,466
2026-10-04T00,46,1,26.25,26.25,26.0,26.0,9,48259,19861,17,0,0,1272,6057
2026-10-04T00,46,2,27.0,27.25,27.0,27.25,10,40433,38431,10371,11523,0,0,3920
2026-10-04T00,46,3,28.25,29.25,28.25,29.25,4,247989,20399,1424,5513,0,0,0
2026-10-04T00,46,4,29.75,29.75,29.75,29.75,5,67964,67964,0,0,0,0,0
2026-10-04T00,46,5,30.0,30.0,30.0,30.0,3,30000,30000,0,0,0,0,0
2026-10-04T00,46,6,30.0,30.0,30.0,30.0,5,100007,36757,0,0,0,0,0
2026-10-04T00,46,7,32.5,32.5,32.5,32.5,3,75997,75997,0,0,0,0,0
2026-10-04T00,46,8,33.5,33.5,33.5,33.5,3,124730,124730,0,0,0,0,0
2026-10-04T00,47,0,438.0,438.0,424.0,424.0,29,9926,2580,0,0,0,0,30
2026-10-04T00,47,1,426.0,426.0,426.0,426.0,8,11567,3212,130,3,0,0,19
2026-10-04T00,47,2,428.0,428.0,428.0,428.0,19,50586,14322,1,0,0,0,0
2026-10-04T00,47,3,446.0,446.0,446.0,446.0,17,76139,68105,200,0,0,0,0
2026-10-04T00,47,4,454.0,454.0,454.0,454.0,18,51804,43624,0,0,0,0,0
2026-10-04T00,47,5,472.0,472.0,472.0,472.0,9,81777,42012,0,0,0,0,0
2026-10-04T00,47,6,470.0,470.0,470.0,470.0,11,35352,9940,0,0,0,0,0
2026-10-04T00,47,7,490.0,490.0,490.0,490.0,2,7000,5000,0,0,0,0,0
2026-10-04T00,47,8,492.0,492.0,492.0,492.0,5,56800,8000,0,0,0,0,0
2026-10-04T00,47,9,580.0,580.0,580.0,580.0,1,4900,4900,0,0,0,0,0
2026-10-04T00,47,10,492.0,492.0,492.0,492.0,3,11750,750,0,0,0,0,0
2026-10-04T00,48,0,210.0,210.0,208.0,210.0,5,9708,9692,40,168,0,0,168
2026-10-04T00,48,1,216.0,216.0,214.0,214.0,7,2679,2679,0,0,0,0,500
2026-10-04T00,48,2,218.0,218.0,218.0,218.0,4,14652,14652,0,0,0,0,0
2026-10-04T00,48,3,222.0,222.0,222.0,222.0,17,21057,20502,0,0,0,0,0
2026-10-04T00,48,4,224.0,224.0,224.0,224.0,5,31536,17918,0,0,0,0,0
2026-10-04T00,48,5,228.0,228.0,228.0,228.0,4,29200,18652,0,0,0,0,0
2026-10-04T00,48,6,286.0,286.0,286.0,286.0,4,9141,9141,0,0,0,0,0
2026-10-04T00,48,7,316.0,316.0,316.0,316.0,2,7224,7224,0,0,0,0,0
2026-10-04T00,49,0,905.0,905.0,905.0,905.0,8,2799,2429,0,0,0,0,0
2026-10-04T00,49,1,910.0,910.0,910.0,910.0,2,204,199,0,0,0,0,0
2026-10-04T00,49,2,935.0,935.0,935.0,935.0,1,233,233,0,0,0,0,0
2026-10-04T00,49,3,910.0,910.0,910.0,910.0,5,2529,2529,0,0,0,0,0
2026-10-04T00,49,4,920.0,920.0,920.0,920.0,5,1879,1779,0,0,0,0,0
2026-10-04T00,49,5,930.0,930.0,930.0,930.0,7,23306,20306,0,0,0,0,0
2026-10-04T00,49,6,1050.0,1050.0,1050.0,1050.0,2,20,20,0,0,0,0,0
2026-10-04T00,49,7,1200.0,1200.0,1200.0,1200.0,1,9244,9244,0,0,0,0,0
2026-10-04T00,50,0,308.0,308.0,308.0,308.0,8,3703,3657,10,0,0,0,23
2026-10-04T00,50,1,314.0,314.0,314.0,314.0,2,10986,10986,0,0,0,0,0
2026-10-04T00,50,2,312.0,312.0,312.0,312.0,4,15346,15346,374,0,0,0,0
2026-10-04T00,50,3,312.0,312.0,312.0,312.0,1,10,10,0,10,0,0,0
2026-10-04T00,50,4,314.0,314.0,314.0,314.0,6,34606,34606,1600,0,0,0,0
2026-10-04T00,50,5,316.0,316.0,316.0,316.0,5,39608,39608,288,0,0,0,25000
2026-10-04T00,50,6,318.0,318.0,318.0,318.0,2,10540,10540,0,0,0,0,0
2026-10-04T00,50,7,320.0,320.0,320.0,320.0,2,23299,23299,0,0,0,0,0
2026-10-04T00,50,8,358.0,358.0,358.0,358.0,2,50927,50923,0,0,0,0,0
2026-10-04T00,50,9,370.0,370.0,370.0,370.0,2,20002,20000,0,0,0,0,0
2026-10-04T00,50,10,380.0,380.0,380.0,380.0,1,20000,20000,0,0,0,0,0
2026-10-04T00,50,11,388.0,388.0,388.0,388.0,5,124333,124333,0,0,0,0,0
2026-10-04T00,51,0,765.0,780.0,765.0,780.0,12,6484,6316,0,570,0,0,0
2026-10-04T00,51,1,770.0,795.0,770.0,795.0,4,7068,7067,0,1641,0,0,0
2026-10-04T00,51,2,785.0,785.0,785.0,785.0,8,11285,11285,35,0,0,0,0
2026-10-04T00,51,3,795.0,795.0,795.0,795.0,5,6138,6138,0,0,0,0,0
2026-10-04T00,51,4,800.0,800.0,800.0,800.0,14,15488,14488,0,0,0,0,0
2026-10-04T00,51,5,855.0,855.0,855.0,855.0,1,70,70,0,0,0,0,0
2026-10-04T00,51,6,860.0,860.0,860.0,860.0,2,8430,8430,0,0,0,0,0
2026-10-04T00,51,7,950.0,950.0,950.0,950.0,2,1030,1030,0,0,0,0,0
2026-10-04T00,51,8,970.0,970.0,970.0,970.0,2,1020,1020,0,0,0,0,0
2026-10-04T00,52,0,560.0,560.0,560.0,560.0,21,5268,2566,0,0,0,0,0
2026-10-04T00,52,1,555.0,560.0,555.0,560.0,7,5520,5090,79,58,0,0,0
2026-10-04T00,52,2,565.0,565.0,565.0,565.0,9,11432,1244,0,0,0,0,0
2026-10-04T00,52,3,570.0,570.0,565.0,565.0,8,13911,8596,0,0,0,730,2253
2026-10-04T00,52,4,600.0,600.0,600.0,600.0,6,7891,7891,0,0,0,0,0
2026-10-04T00,52,5,605.0,605.0,605.0,605.0,7,26097,24097,100,0,0,0,0
2026-10-04T00,52,6,675.0,675.0,675.0,675.0,3,19842,19842,0,0,0,0,0
2026-10-04T00,52,7,720.0,720.0,720.0,720.0,4,859,842,0,0,0,0,0
2026-10-04T00,52,8,850.0,850.0,850.0,850.0,2,1040,1040,0,0,0,0,0
2026-10-04T00,52,9,900.0,900.0,900.0,900.0,1,1000,1000,0,0,0,0,0
2026-10-04T00,52,10,960.0,960.0,960.0,960.0,2,1200,1200,0,0,0,0,0
2026-10-04T00,52,11,900.0,900.0,900.0,900.0,4,11462,9998,0,0,0,0,0
2026-10-04T00,53,0,3280.0,3280.0,3280.0,3280.0,3,741,741,0,0,0,0,0
2026-10-04T00,53,1,3380.0,3380.0,3380.0,3380.0,2,305,305,0,0,0,0,0
2026-10-04T00,53,2,3410.0,3410.0,3410.0,3410.0,4,363,363,0,0,0,0,0
2026-10-04T00,53,3,3470.0,3470.0,3470.0,3470.0,5,2888,2888,0,0,0,0,0
2026-10-04T00,53,4,3450.0,3450.0,3450.0,3450.0,5,3159,2513,0,0,0,0,0
2026-10-04T00,53,5,3500.0,3500.0,3500.0,3500.0,3,2297,2297,0,0,0,0,0
2026-10-04T00,53,6,3680.0,3680.0,3680.0,3680.0,2,10514,10514,0,0,0,0,0
2026-10-04T00,53,7,3990.0,3990.0,3990.0,3990.0,1,800,800,0,0,0,0,0
2026-10-04T00,54,0,6225.0,6225.0,6225.0,6225.0,24,2687,1474,0,0,0,0,0
2026-10-04T00,54,1,6575.0,6575.0,6575.0,6575.0,6,553,553,0,0,0,0,0
2026-10-04T00,54,2,6700.0,6700.0,6700.0,6700.0,2,529,529,0,0,0,0,0
2026-10-04T00,54,3,6650.0,6650.0,6650.0,6650.0,3,2417,2397,0,0,0,0,0
2026-10-04T00,54,4,6650.0,6650.0,6650.0,6650.0,5,905,904,0,0,0,0,0
2026-10-04T00,54,5,6675.0,6675.0,6675.0,6675.0,6,5625,5436,0,0,0,0,0
2026-10-04T00,54,6,6675.0,6700.0,6675.0,6700.0,4,2845,2845,0,658,0,0,0
2026-10-04T00,54,7,6725.0,6725.0,6725.0,6725.0,2,244,244,0,0,0,0,0
2026-10-04T00,55,0,2090.0,2090.0,2090.0,2090.0,15,4907,4250,0,0,0,0,0
2026-10-04T00,55,1,2160.0,2160.0,2160.0,2160.0,4,565,565,0,0,0,0,0
2026-10-04T00,55,2,2210.0,2210.0,2210.0,2210.0,4,6716,6716,0,0,0,0,0
2026-10-04T00,55,3,2220.0,2220.0,2220.0,2220.0,7,3549,3549,0,0,0,0,0
2026-10-04T00,55,4,2210.0,2210.0,2210.0,2210.0,4,4359,4359,0,0,0,0,0
2026-10-04T00,55,5,2250.0,2250.0,2250.0,2250.0,11,5340,4727,0,0,0,0,0
2026-10-04T00,55,6,2290.0,2290.0,2290.0,2290.0,14,7843,7043,0,0,0,0,0
2026-10-04T00,55,7,2310.0,2310.0,2310.0,2310.0,8,145,20,0,0,0,0,0
2026-10-04T00,56,0,4160.0,4160.0,4150.0,4150.0,12,900,895,0,0,0,0,6
2026-10-04T00,56,1,4190.0,4190.0,4190.0,4190.0,6,1217,1146,0,0,0,0,0
2026-10-04T00,56,2,4250.0,4250.0,4250.0,4250.0,5,655,655,0,0,0,0,0
2026-10-04T00,56,3,4310.0,4320.0,4310.0,4320.0,11,1496,1496,0,120,0,0,0
2026-10-04T00,56,4,4380.0,4380.0,4380.0,4380.0,5,3376,3376,0,0,0,0,0
2026-10-04T00,56,5,4490.0,4490.0,4490.0,4490.0,2,1082,1082,0,0,0,0,0
2026-10-04T00,56,6,4580.0,4580.0,4580.0,4580.0,10,1422,1422,0,0,0,0,0
2026-10-04T00,56,7,4670.0,4670.0,4670.0,4670.0,10,281,281,0,0,0,0,0
2026-10-04T00,56,8,4900.0,4900.0,4900.0,4900.0,2,101,101,0,0,0,0,0
2026-10-04T00,56,12,9000.0,9000.0,9000.0,9000.0,2,2,1,0,0,0,0,0
2026-10-04T00,57,0,5275.0,5275.0,5275.0,5275.0,9,459,108,1,0,0,0,0
2026-10-04T00,57,1,5300.0,5300.0,5300.0,5300.0,9,1621,531,0,0,0,0,0
2026-10-04T00,57,2,5300.0,5300.0,5300.0,5300.0,2,256,256,0,0,0,0,0
2026-10-04T00,57,3,5325.0,5325.0,5325.0,5325.0,12,3397,879,0,0,0,0,0
2026-10-04T00,57,4,5425.0,5425.0,5425.0,5425.0,5,3143,2743,0,0,0,0,0
2026-10-04T00,57,5,5500.0,5500.0,5500.0,5500.0,4,1191,1191,0,0,0,0,0
2026-10-04T00,57,6,5725.0,5725.0,5725.0,5725.0,2,2001,2001,0,0,0,0,0
2026-10-04T00,57,7,5650.0,5650.0,5650.0,5650.0,8,80,50,0,0,0,0,0
2026-10-04T00,57,8,6725.0,6725.0,6725.0,6725.0,2,120,120,0,0,0,0,0
2026-10-04T00,57,9,8000.0,8000.0,8000.0,8000.0,1,7,7,0,0,0,0,0
2026-10-04T00,57,10,12000.0,12000.0,12000.0,12000.0,1,40,40,0,0,0,0,0
2026-10-04T00,57,12,13500.0,13500.0,13500.0,13500.0,1,2,2,0,0,0,0,0
2026-10-04T00,58,0,116.0,116.0,116.0,116.0,49,485421,100142,1250,0,0,0,0
2026-10-04T00,59,0,62.0,62.0,61.0,62.0,43,1651801,1183277,925,44596,0,0,4806
2026-10-04T00,60,0,5.9,5.9,5.9,5.9,31,540960,97990,7268,0,0,0,43067
2026-10-04T00,60,1,6.0,6.0,6.0,6.0,7,89057,73787,0,0,0,0,1493
2026-10-04T00,60,2,6.2,6.2,6.1,6.1,8,585170,438459,0,0,0,0,1
2026-10-04T00,60,3,6.2,6.3,6.1,6.3,5,1348940,348940,0,38632,0,0,12389
2026-10-04T00,60,4,6.6,6.6,6.6,6.6,4,238142,238142,0,0,0,0,0
2026-10-04T00,60,5,6.9,6.9,6.9,6.9,3,1450000,1350000,0,0,0,0,0
2026-10-04T00,60,6,7.2,7.2,7.2,7.2,3,838849,131190,0,0,0,0,0
2026-10-04T00,60,7,8.3,8.3,8.3,8.3,1,31777,31777,0,0,0,0,0
2026-10-04T00,60,8,9.4,9.4,9.4,9.4,2,54355,54355,0,0,0,0,0
2026-10-04T00,60,9,11.3,11.3,11.3,11.3,2,99910,99910,0,0,0,0,0
2026-10-04T00,60,10,12.0,12.0,12.0,12.0,1,97444,97444,0,0,0,0,0
2026-10-04T00,61,0,18.2,18.2,18.2,18.2,15,74272,72452,0,0,0,0,0
2026-10-04T00,61,1,18.3,18.3,18.3,18.3,4,83765,83765,0,0,0,0,0
2026-10-04T00,61,2,18.2,18.2,18.2,18.2,12,1763834,73929,200,0,0,0,0
2026-10-04T00,61,3,18.6,18.6,18.6,18.6,9,1917492,1917292,0,0,0,0,0
2026-10-04T00,61,4,19.8,19.8,19.8,19.8,4,290022,279414,0,0,0,0,0
2026-10-04T00,61,5,20.5,20.5,20.5,20.5,4,360000,350000,0,0,0,0,0
2026-10-04T00,61,6,20.0,20.0,20.0,20.0,4,132881,5000,0,0,0,0,0
2026-10-04T00,61,7,22.5,22.5,22.5,22.5,1,19,19,0,0,0,0,0
2026-10-04T00,61,8,23.0,23.0,23.0,23.0,2,32522,32522,0,0,0,0,0
2026-10-04T00,62,0,20.0,20.0,20.0,20.0,12,112534,85853,3000,0,0,0,0
2026-10-04T00,62,1,21.0,21.0,21.0,21.0,5,109738,109738,0,0,0,0,0
2026-10-04T00,62,2,20.5,20.5,20.5,20.5,5,333101,130244,0,0,0,0,0
2026-10-04T00,62,3,20.75,21.0,20.75,21.0,12,310242,164365,0,3868,0,0,0
2026-10-04T00,62,4,21.25,21.25,21.25,21.25,5,157037,157037,0,0,0,0,0
2026-10-04T00,62,5,22.75,22.75,22.75,22.75,5,1150789,746594,0,0,0,0,0
2026-10-04T00,62,6,22.25,22.25,22.25,22.25,2,54180,54180,0,0,0,0,0
2026-10-04T00,62,7,26.0,26.0,26.0,26.0,5,525419,467419,0,0,0,0,0
2026-10-04T00,62,9,36.0,36.0,36.0,36.0,1,898,898,0,0,0,0,0
2026-10-04T00,63,0,32.0,32.25,32.0,32.25,11,39883,21885,0,6020,0,0,0
2026-10-04T00,63,1,33.0,33.0,33.0,33.0,6,77536,67536,0,0,0,0,0
2026-10-04T00,63,2,32.75,32.75,32.75,32.75,9,147880,95534,0,0,0,0,0
2026-10-04T00,63,3,33.5,33.5,33.5,33.5,10,196152,196152,0,0,0,0,0
2026-10-04T00,63,4,34.0,34.25,34.0,34.25,9,219645,219645,0,3000,0,0,0
2026-10-04T00,63,5,35.0,35.0,35.0,35.0,3,248025,148025,0,0,0,0,0
2026-10-04T00,63,7,36.0,36.0,36.0,36.0,1,49999,49999,0,0,0,0,0
2026-10-04T00,64,0,42.0,42.0,42.0,42.0,40,55807,47486,0,0,0,0,0
2026-10-04T00,64,1,42.5,42.5,42.5,42.5,9,16451,5897,0,0,0,0,0
2026-10-04T00,64,2,42.75,43.0,42.75,43.0,16,135525,120234,0,10000,0,0,0
2026-10-04T00,64,3,45.0,45.0,45.0,45.0,6,38833,38833,0,0,0,0,0
2026-10-04T00,64,4,45.75,45.75,45.75,45.75,8,297507,297507,0,0,0,0,0
2026-10-04T00,64,6,46.5,46.5,46.5,46.5,9,167276,161124,0,0,0,0,0
2026-10-04T00,64,7,54.0,54.0,54.0,54.0,2,29247,4247,0,0,0,0,0
2026-10-04T00,64,8,80.0,80.0,80.0,80.0,1,299,299,0,0,0,0,0
2026-10-04T00,65,0,12.7,12.7,12.6,12.6,14,222361,222219,0,0,0,0,127476
2026-10-04T00,65,1,12.7,12.7,12.7,12.7,1,2000,2000,0,9065,0,0,2000
2026-10-04T00,65,2,12.8,12.8,12.7,12.7,7,877979,701739,0,0,0,0,140
2026-10-04T00,65,3,12.9,12.9,12.9,12.9,4,423211,423211,0,0,0,0,0
2026-10-04T00,65,4,12.9,12.9,12.9,12.9,5,943832,943832,0,0,0,0,0
2026-10-04T00,65,5,13.3,13.3,13.3,13.3,3,892705,892705,0,0,0,0,0
2026-10-04T00,65,6,13.5,13.5,13.5,13.5,3,63020,63020,0,0,0,0,0
2026-10-04T00,65,7,13.4,13.4,13.4,13.4,2,83519,33519,0,0,0,0,0
2026-10-04T00,65,8,13.5,13.5,13.5,13.5,5,367660,117660,0,0,0,0,0
2026-10-04T00,65,9,22.0,22.0,22.0,22.0,1,9999,9999,0,0,0,0,0
2026-10-04T00,65,10,22.25,22.25,22.25,22.25,1,9999,9999,0,0,0,0,0
2026-10-04T00,65,11,22.5,22.5,22.5,22.5,1,9999,9999,0,0,0,0,0
2026-10-04T00,65,12,22.75,22.75,22.75,22.75,2,10998,10998,0,0,0,0,0
2026-10-04T00,66,0,0.268,0.273,0.265,0.267,210,46232817,41630493,507926,2488302,0,4000000,4229298
2026-10-04T00,66,1,0.276,0.277,0.274,0.277,30,25345503,10058473,461066,329403,0,0,182210
2026-10-04T00,66,2,0.278,0.282,0.278,0.282,18,12710377,12710377,457547,1396783,0,0,0
2026-10-04T00,66,3,0.299,0.299,0.299,0.299,13,9144862,5059521,276293,153233,0,0,54506
2026-10-04T00,66,4,0.346,0.346,0.345,0.345,20,20777443,16100075,0,0,0,0,1322314
2026-10-04T00,66,5,0.356,0.356,0.356,0.356,12,24141043,23841043,279644,0,0,0,0
2026-10-04T00,66,6,0.365,0.365,0.365,0.365,11,12815941,11960581,0,0,0,0,0
2026-10-04T00,66,7,0.515,0.515,0.515,0.515,2,1899664,1899664,0,0,0,0,0
2026-10-04T00,66,8,0.5,0.5,0.5,0.5,4,24805777,14739363,0,0,0,0,0
2026-10-04T00,66,9,0.67,0.67,0.67,0.67,1,1656224,1656224,0,0,0,0,0
2026-10-04T00,66,10,0.75,0.75,0.75,0.75,4,3477118,937118,0,0,0,0,0
2026-10-04T00,66,12,0.625,0.625,0.625,0.625,3,784966,184983,0,0,0,0,0
2026-10-04T00,67,0,11.4,11.5,11.4,11.5,24,303037,161817,0,12404,0,0,0
2026-10-04T00,67,1,12.2,12.2,12.2,12.2,9,92649,71240,0,0,0,0,0
2026-10-04T00,67,2,12.4,12.4,12.4,12.4,17,415018,321248,0,0,0,0,0
2026-10-04T00,67,4,16.0,16.0,16.0,16.0,3,27518,27518,0,0,0,0,0
2026-10-04T00,67,7,19.0,19.0,19.0,19.0,1,9500,9500,0,0,0,0,0
2026-10-04T00,68,0,30.75,31.0,30.5,30.5,45,59594,25410,0,10243,0,0,1235
2026-10-04T00,68,1,31.25,31.25,30.75,30.75,16,58489,17344,0,0,0,0,1105
2026-10-04T00,68,2,31.75,31.75,31.75,31.75,18,534391,435446,39,0,0,0,0
2026-10-04T00,68,3,32.25,32.25,32.25,32.25,11,698958,301887,0,0,0,0,0
2026-10-04T00,68,4,34.0,34.0,34.0,34.0,3,1066167,48817,0,0,0,0,0
2026-10-04T00,68,5,35.25,35.25,35.25,35.25,2,41048,41048,0,0,0,0,0
2026-10-04T00,68,6,35.5,35.5,35.5,35.5,1,99889,99889,0,0,0,0,0
2026-10-04T00,68,8,34.0,34.0,34.0,34.0,2,85584,85584,0,0,0,0,0
2026-10-04T00,68,10,35.5,35.5,35.5,35.5,2,465491,465491,0,0,0,0,0
2026-10-04T00,68,11,54.5,54.5,54.5,54.5,3,53983,53983,0,0,0,0,0
2026-10-04T00,69,0,5925.0,6100.0,5925.0,6075.0,47,1937,1331,71,384,0,0,267
2026-10-04T00,69,1,6225.0,6225.0,6225.0,6225.0,20,1058,456,14,0,0,0,0
2026-10-04T00,69,2,6425.0,6425.0,6425.0,6425.0,31,4646,4527,34,0,0,0,8
2026-10-04T00,69,3,6425.0,6450.0,6400.0,6450.0,29,7259,4635,0,138,0,0,620
2026-10-04T00,69,4,6450.0,6450.0,6450.0,6450.0,18,5982,2513,6,0,0,0,0
2026-10-04T00,69,5,6475.0,6475.0,6475.0,6475.0,18,5420,2568,0,0,0,0,0
2026-10-04T00,69,6,6775.0,6775.0,6775.0,6775.0,34,4078,758,0,0,0,0,0
2026-10-04T00,69,7,7625.0,7625.0,7625.0,7625.0,15,3524,3524,0,0,0,0,0
2026-10-04T00,69,8,7950.0,7950.0,7950.0,7950.0,7,694,694,0,0,0,0,0
2026-10-04T00,69,9,7975.0,7975.0,7975.0,7975.0,6,510,510,0,0,0,0,0
2026-10-04T00,69,10,7650.0,7650.0,7650.0,7650.0,12,1644,807,0,0,0,0,0
2026-10-04T00,69,11,8875.0,8875.0,8875.0,8875.0,1,100,100,0,0,0,0,0
2026-10-04T00,69,12,8900.0,8900.0,8900.0,8900.0,2,108,108,0,0,0,0,0
2026-10-04T00,70,0,760.0,765.0,760.0,765.0,9,2388,2367,0,10,0,0,0
2026-10-04T00,70,1,770.0,770.0,770.0,770.0,5,2368,1832,0,0,0,0,0
2026-10-04T00,70,2,775.0,775.0,775.0,775.0,7,9212,9207,0,0,0,0,0
2026-10-04T00,70,3,775.0,775.0,775.0,775.0,7,10620,2480,0,0,0,0,0
2026-10-04T00,70,4,765.0,765.0,765.0,765.0,4,5913,4244,20,0,0,0,0
2026-10-04T00,70,5,780.0,780.0,780.0,780.0,56,13327,12866,0,0,1,0,1
2026-10-04T00,70,6,985.0,985.0,985.0,985.0,1,100,100,0,0,0,0,0
2026-10-04T00,70,7,990.0,990.0,990.0,990.0,2,301,301,0,0,0,0,0
2026-10-04T00,70,8,1180.0,1180.0,1180.0,1180.0,1,448,448,0,0,0,0,0
2026-10-04T00,70,10,1190.0,1190.0,1190.0,1190.0,2,1825,1825,0,0,0,0,0
2026-10-04T00,71,0,1480.0,1480.0,1480.0,1480.0,10,1119,855,30,0,0,0,0
2026-10-04T00,71,1,1490.0,1490.0,1480.0,1480.0,6,7811,7811,0,0,0,0,225
2026-10-04T00,71,2,1490.0,1490.0,1490.0,1490.0,7,7915,7413,0,0,0,0,0
2026-10-04T00,71,3,1500.0,1500.0,1500.0,1500.0,10,11348,11346,0,0,0,0,0
2026-10-04T00,71,4,1510.0,1510.0,1510.0,1510.0,14,34017,31963,0,0,0,0,0
2026-10-04T00,71,5,1580.0,1580.0,1580.0,1580.0,3,6200,6200,0,0,0,0,0
2026-10-04T00,71,6,1610.0,1610.0,1610.0,1610.0,9,3123,3016,0,0,0,0,0
2026-10-04T00,71,7,2000.0,2000.0,2000.0,2000.0,6,2600,2600,0,0,0,0,0
2026-10-04T00,72,0,1.72,1.75,1.72,1.73,61,1511511,622515,90858,41375,0,0,118387
2026-10-04T00,72,1,1.79,1.79,1.78,1.78,22,1938184,1455115,0,0,0,0,68462
2026-10-04T00,72,2,1.91,1.91,1.91,1.91,9,1522849,923156,0,155812,0,0,0
2026-10-04T00,72,3,1.93,1.96,1.93,1.96,4,686892,686892,63995,252885,0,0,0
2026-10-04T00,72,4,1.97,1.97,1.97,1.97,8,5308268,4417301,0,0,0,0,0
2026-10-04T00,72,5,3.0,3.0,3.0,3.0,3,1516814,462917,51454,0,0,0,0
2026-10-04T00,72,6,3.5,3.5,3.5,3.5,1,400000,400000,0,0,0,0,0
2026-10-04T00,72,7,3.2,3.2,3.2,3.2,1,389533,389533,0,0,0,0,0
2026-10-04T00,72,8,3.2,3.2,3.2,3.2,2,468357,468061,0,0,0,0,0
2026-10-04T00,72,9,3.95,3.95,3.95,3.95,1,232493,232493,0,0,0,0,0
2026-10-04T00,72,10,3.8,3.8,3.8,3.8,2,125000,100000,0,0,0,0,0
2026-10-04T00,73,0,29.25,29.5,27.0,29.0,28,141985,132597,16982,11107,0,0,5541
2026-10-04T00,73,1,30.0,30.0,29.75,29.75,5,83382,83382,5324,1000,0,0,13624
2026-10-04T00,73,2,30.25,30.25,29.75,29.75,10,80671,64792,5415,1184,0,0,32159
2026-10-04T00,73,3,31.25,31.25,30.75,30.75,7,128558,71656,0,0,0,0,6230
2026-10-04T00,73,4,31.0,31.0,31.0,31.0,7,94288,94288,12329,0,0,0,0
2026-10-04T00,73,5,32.25,32.25,32.25,32.25,6,239274,239274,0,0,0,0,0
2026-10-04T00,73,6,32.75,32.75,32.75,32.75,3,87283,87283,0,0,0,0,0
2026-10-04T00,73,7,33.25,33.25,33.25,33.25,2,80000,80000,0,0,0,0,0
2026-10-04T00,73,10,33.0,33.0,33.0,33.0,4,73844,73844,0,0,0,0,0
2026-10-04T00,74,0,19.0,19.0,19.0,19.0,52,262258,98715,0,0,0,0,1675
2026-10-04T00,74,1,22.25,22.25,22.25,22.25,5,22186,138,3700,5740,0,0,3701
2026-10-04T00,74,2,23.75,23.75,22.75,22.75,24,1140993,24955,0,0,0,0,13317
2026-10-04T00,74,3,24.5,24.5,24.5,24.5,17,453468,53233,0,0,0,0,0
2026-10-04T00,74,4,24.75,24.75,24.75,24.75,2,67548,67548,0,0,0,0,0
2026-10-04T00,74,5,26.75,26.75,26.75,26.75,14,464201,13985,0,0,0,0,0
2026-10-04T00,74,7,23.0,23.0,23.0,23.0,7,274113,56685,50209,0,0,0,0
2026-10-04T00,74,8,35.0,35.0,35.0,35.0,2,125000,50000,0,0,0,0,0
2026-10-04T00,74,9,26.0,26.0,26.0,26.0,1,19519,19519,0,0,0,0,0
2026-10-04T00,74,10,27.0,27.0,27.0,27.0,4,123033,83033,0,0,0,0,0
2026-10-04T00,74,12,40.0,40.0,40.0,40.0,1,222,222,0,0,0,0,0
2026-10-04T00,75,0,6.0,6.1,5.9,6.1,12,597843,44059,0,14645,0,0,9361
2026-10-04T00,75,1,6.3,6.3,6.3,6.3,5,2971894,2969087,0,0,0,0,0
2026-10-04T00,75,2,6.1,6.2,6.1,6.1,14,3566865,1122214,184439,76380,51939,0,56345
2026-10-04T00,75,3,6.3,6.3,6.2,6.2,9,665031,662077,0,0,0,0,120005
2026-10-04T00,75,4,6.3,6.3,6.3,6.3,13,3847855,1929992,0,0,0,0,0
2026-10-04T00,75,5,6.4,6.4,6.3,6.3,12,3681760,1036822,0,0,0,0,100000
2026-10-04T00,75,6,6.7,6.7,6.7,6.7,7,1867258,1310184,0,0,0,0,0
2026-10-04T00,75,7,6.9,6.9,6.9,6.9,4,811963,811963,0,0,0,0,0
2026-10-04T00,75,8,7.0,7.0,7.0,7.0,5,9874052,9624552,0,0,0,0,0
2026-10-04T00,75,9,7.1,7.1,7.1,7.1,4,5942555,2167548,0,0,0,0,0
2026-10-04T00,75,10,8.0,8.0,8.0,8.0,1,1383529,1383529,0,0,0,0,0
2026-10-04T00,75,11,8.8,8.8,8.8,8.8,1,253854,253854,0,0,0,0,0
2026-10-04T00,75,12,7.8,7.8,7.8,7.8,2,122520,122520,0,0,0,0,0
2026-10-04T00,76,0,57.0,58.0,56.5,58.0,20,81719,76049,19,3691,0,0,1859
2026-10-04T00,76,1,58.0,59.0,58.0,59.0,11,71042,70901,0,10,0,0,0
2026-10-04T00,76,2,59.0,59.0,58.5,59.0,22,117551,100889,2082,9682,0,0,5952
2026-10-04T00,76,3,59.5,59.5,59.0,59.0,12,348740,348740,3128,10773,0,0,25126
2026-10-04T00,76,4,59.5,59.5,59.5,59.5,11,1010085,230318,0,0,0,0,0
2026-10-04T00,76,5,61.5,61.5,61.5,61.5,9,396534,269412,0,0,0,0,0
2026-10-04T00,76,6,62.0,62.0,61.0,61.0,19,992671,229618,0,0,0,0,109389
2026-10-04T00,76,7,66.0,66.0,66.0,66.0,18,639610,408720,0,0,0,0,0
2026-10-04T00,76,8,71.5,71.5,71.5,71.5,7,200006,200005,0,0,0,0,0
2026-10-04T00,76,10,76.0,76.0,76.0,76.0,4,130774,48000,0,0,0,0,0
2026-10-04T00,76,11,78.0,78.0,78.0,78.0,4,73143,60000,0,0,0,0,0
2026-10-04T00,76,12,92.5,92.5,92.5,92.5,2,377,377,0,0,0,0,0
2026-10-04T00,77,0,2600.0,2630.0,2600.0,2630.0,9,2212,722,0,2,0,0,0
2026-10-04T00,77,1,2610.0,2610.0,2610.0,2610.0,8,866,866,33,0,0,0,0
2026-10-04T00,77,2,2640.0,2640.0,2600.0,2640.0,9,1646,1646,0,32,0,0,32
2026-10-04T00,77,3,2740.0,2750.0,2730.0,2740.0,5,7736,2372,63,537,0,0,185
2026-10-04T00,77,4,2790.0,2790.0,2790.0,2790.0,3,1208,1208,353,47,0,0,0
2026-10-04T00,77,5,2800.0,2800.0,2800.0,2800.0,4,1958,1958,0,0,0,0,0
2026-10-04T00,77,6,2830.0,2830.0,2830.0,2830.0,3,3507,1480,0,0,0,0,0
2026-10-04T00,77,7,2860.0,2860.0,2860.0,2860.0,4,6168,2100,0,0,0,0,0
2026-10-04T00,77,8,3030.0,3030.0,3030.0,3030.0,9,12160,12160,0,0,0,0,0
2026-10-04T00,77,9,3230.0,3230.0,3230.0,3230.0,2,1334,1334,0,0,0,0,0
2026-10-04T00,77,10,3280.0,3280.0,3280.0,3280.0,2,108,108,0,0,0,0,0
2026-10-04T00,77,11,3300.0,3300.0,3300.0,3300.0,1,1111,1111,0,0,0,0,0
2026-10-04T00,77,12,4800.0,4800.0,4800.0,4800.0,1,99,99,0,0,0,0,0
2026-10-04T00,78,0,1830.0,1830.0,1830.0,1830.0,6,7393,7393,9,0,0,0,0
2026-10-04T00,78,1,1900.0,1900.0,1900.0,1900.0,10,2257,1323,0,0,0,0,0
2026-10-04T00,78,2,1940.0,1940.0,1940.0,1940.0,8,1732,1572,60,0,0,0,0
2026-10-04T00,78,3,2060.0,2060.0,2060.0,2060.0,3,4004,4004,0,0,0,0,0
2026-10-04T00,78,4,2120.0,2120.0,2120.0,2120.0,8,3333,2574,0,0,0,0,0
2026-10-04T00,78,5,2080.0,2080.0,2080.0,2080.0,21,24227,19612,0,0,0,0,0
2026-10-04T00,78,6,2280.0,2280.0,2280.0,2280.0,4,1913,1913,0,0,0,0,0
2026-10-04T00,78,7,2230.0,2230.0,2230.0,2230.0,16,2708,2708,0,0,0,0,0
2026-10-04T00,78,8,2370.0,2370.0,2370.0,2370.0,11,543,443,0,0,0,0,0
2026-10-04T00,78,9,2440.0,2440.0,2440.0,2440.0,10,231,211,0,0,0,0,0
2026-10-04T00,78,10,2540.0,2540.0,2540.0,2540.0,19,1025,844,0,0,0,0,0
2026-10-04T00,78,11,2680.0,2680.0,2680.0,2680.0,5,305,205,0,0,0,0,0
2026-10-04T00,79,0,775.0,775.0,775.0,775.0,22,12126,10184,18,6,0,0,64
2026-10-04T00,79,1,820.0,820.0,800.0,810.0,12,6639,6094,0,44,0,0,165
2026-10-04T00,79,2,825.0,825.0,825.0,825.0,11,16428,16428,0,0,0,0,0
2026-10-04T00,79,3,825.0,825.0,825.0,825.0,23,39738,32607,160,0,0,0,0
2026-10-04T00,79,4,830.0,830.0,830.0,830.0,19,50361,14771,0,0,0,0,0
2026-10-04T00,79,5,850.0,850.0,850.0,850.0,21,54290,27916,0,0,0,0,0
2026-10-04T00,79,6,915.0,915.0,915.0,915.0,17,37618,23813,0,0,0,0,0
2026-10-04T00,79,7,975.0,975.0,975.0,975.0,7,35514,25514,0,0,0,0,0
2026-10-04T00,79,8,985.0,985.0,985.0,985.0,6,27200,26200,0,0,0,0,0
2026-10-04T00,79,9,995.0,995.0,995.0,995.0,2,8500,7500,0,0,0,0,0
2026-10-04T00,79,10,985.0,985.0,985.0,985.0,5,5452,4452,0,0,0,0,0
2026-10-04T00,79,11,1050.0,1050.0,1050.0,1050.0,2,1928,928,0,0,0,0,0
2026-10-04T00,79,12,1570.0,1570.0,1570.0,1570.0,2,125,125,0,0,0,0,0
2026-10-04T00,80,0,4640.0,4640.0,4640.0,4640.0,3,95,95,12,0,0,0,0
2026-10-04T00,80,1,4660.0,4660.0,4660.0,4660.0,1,43,43,20,0,0,0,0
2026-10-04T00,80,2,4700.0,4700.0,4700.0,4700.0,7,1622,1622,0,0,0,0,0
2026-10-04T00,80,3,4750.0,4750.0,4750.0,4750.0,9,1814,1814,0,0,0,0,0
2026-10-04T00,80,4,4770.0,4770.0,4770.0,4770.0,9,3164,3164,0,0,0,0,0
2026-10-04T00,80,5,4800.0,4800.0,4790.0,4790.0,15,5356,5356,0,0,0,87,99
2026-10-04T00,80,6,5125.0,5125.0,5125.0,5125.0,7,2770,2770,0,0,0,0,0
2026-10-04T00,80,7,5275.0,5275.0,5275.0,5275.0,7,1240,1185,0,0,0,0,0
2026-10-04T00,80,8,6450.0,6450.0,6450.0,6450.0,1,48,48,0,0,0,0,0
2026-10-04T00,80,9,5925.0,5925.0,5925.0,5925.0,7,515,389,0,0,0,0,0
2026-10-04T00,80,10,8500.0,8500.0,8500.0,8500.0,1,38,38,0,0,0,0,0
2026-10-04T00,81,0,4960.0,4960.0,4960.0,4960.0,7,117,112,7,0,0,0,0
2026-10-04T00,81,1,4990.0,4990.0,4990.0,4990.0,5,583,583,0,0,0,0,0
2026-10-04T00,81,2,5000.0,5000.0,5000.0,5000.0,15,1512,1412,30,0,0,0,0
2026-10-04T00,81,3,5100.0,5150.0,5100.0,5150.0,9,588,588,6,208,0,0,0
2026-10-04T00,81,4,5250.0,5250.0,5250.0,5250.0,10,3351,2010,0,0,0,0,0
2026-10-04T00,81,5,5400.0,5400.0,5400.0,5400.0,6,2825,2825,100,0,0,0,0
2026-10-04T00,81,6,5675.0,5675.0,5675.0,5675.0,4,1794,1794,0,0,0,0,0
2026-10-04T00,81,7,5975.0,5975.0,5975.0,5975.0,7,3145,2166,0,0,0,0,0
2026-10-04T00,81,8,6100.0,6100.0,6100.0,6100.0,7,3645,3645,0,0,0,0,0
2026-10-04T00,81,9,6300.0,6300.0,6300.0,6300.0,2,1100,1000,0,0,0,0,0
2026-10-04T00,81,10,6500.0,6500.0,6500.0,6500.0,3,2100,2000,0,0,0,0,0
2026-10-04T00,81,11,6700.0,6700.0,6700.0,6700.0,2,2000,2000,0,0,0,0,0
2026-10-04T00,82,0,1620.0,1620.0,1620.0,1620.0,5,1018,1018,0,0,0,0,0
2026-10-04T00,82,1,1610.0,1630.0,1610.0,1630.0,8,939,939,0,6,0,0,0
2026-10-04T00,82,2,1620.0,1620.0,1620.0,1620.0,9,2690,2690,20,0,0,0,0
2026-10-04T00,82,3,1670.0,1670.0,1670.0,1670.0,5,2239,2239,0,0,0,0,0
2026-10-04T00,82,4,1710.0,1710.0,1710.0,1710.0,7,1152,1152,0,0,0,0,0
2026-10-04T00,82,5,1720.0,1720.0,1720.0,1720.0,9,15470,14774,1500,0,0,0,0
2026-10-04T00,82,6,1840.0,1840.0,1840.0,1840.0,5,2468,500,0,0,0,0,0
2026-10-04T00,82,7,1940.0,1940.0,1940.0,1940.0,5,4983,3983,0,0,0,0,0
2026-10-04T00,82,8,2100.0,2100.0,2100.0,2100.0,1,11,11,0,0,0,0,0
2026-10-04T00,82,9,2100.0,2100.0,2100.0,2100.0,2,1660,1660,0,0,0,0,0
2026-10-04T00,82,10,2400.0,2400.0,2400.0,2400.0,1,500,500,0,0,0,0,0
2026-10-04T00,83,0,27.75,28.25,27.5,28.0,34,158918,10973,987,4022,0,0,9629
2026-10-04T00,83,1,32.0,32.0,31.75,31.75,12,141795,126552,0,0,0,0,902
2026-10-04T00,83,2,28.0,32.5,28.0,32.5,13,105437,13905,100,3122,0,0,2000
2026-10-04T00,83,3,33.5,33.5,33.5,33.5,20,598608,254812,0,79342,0,0,0
2026-10-04T00,83,4,33.75,34.25,33.75,34.25,13,1197947,1010554,157931,82069,0,0,0
2026-10-04T00,83,5,37.0,37.0,37.0,37.0,7,787294,587294,0,0,0,0,0
2026-10-04T00,83,6,38.5,38.5,38.5,38.5,2,359950,359950,0,0,0,0,0
2026-10-04T00,83,7,39.75,39.75,39.75,39.75,1,19825,19825,0,0,0,0,0
2026-10-04T00,83,8,40.0,40.0,40.0,40.0,1,10000,10000,0,0,0,0,0
2026-10-04T00,83,11,70.0,70.0,70.0,70.0,1,1980,1980,0,0,0,0,0
2026-10-04T00,84,0,8175.0,8175.0,8175.0,8175.0,19,1146,828,0,0,0,0,0
2026-10-04T00,84,1,8950.0,8950.0,8950.0,8950.0,11,438,420,0,0,0,0,0
2026-10-04T00,84,2,9200.0,9200.0,9200.0,9200.0,18,1838,1694,0,0,0,0,0
2026-10-04T00,84,3,9725.0,9725.0,9725.0,9725.0,15,1806,870,0,0,0,0,0
2026-10-04T00,84,4,9725.0,9725.0,9700.0,9700.0,19,4533,3599,48,0,0,0,110
2026-10-04T00,84,5,10500.0,10500.0,10500.0,10500.0,6,467,467,0,0,0,0,0
2026-10-04T00,84,6,10600.0,10600.0,10600.0,10600.0,7,1618,1368,0,0,0,0,0
2026-10-04T00,84,7,11300.0,11300.0,11300.0,11300.0,1,100,100,0,0,0,0,0
2026-10-04T00,84,8,11300.0,11300.0,11300.0,11300.0,4,500,500,0,0,0,0,0
2026-10-04T00,84,10,14300.0,14300.0,14300.0,14300.0,2,67,67,0,0,0,0,0
2026-10-04T00,85,0,7825.0,7825.0,7825.0,7825.0,11,1638,1598,0,0,0,0,0
2026-10-04T00,85,1,8000.0,8000.0,8000.0,8000.0,13,456,436,0,0,0,0,0
2026-10-04T00,85,2,8450.0,8450.0,8400.0,8400.0,14,374,374,6,0,23,0,23
2026-10-04T00,85,3,8700.0,8700.0,8700.0,8700.0,6,461,461,0,0,0,0,0
2026-10-04T00,85,4,8700.0,8700.0,8700.0,8700.0,14,1829,1691,0,0,0,0,0
2026-10-04T00,85,5,9500.0,9500.0,9500.0,9500.0,3,319,25,0,0,0,0,0
2026-10-04T00,85,6,10500.0,10500.0,10500.0,10500.0,7,2030,1530,0,0,0,0,0
2026-10-04T00,85,7,10800.0,10800.0,10800.0,10800.0,3,138,101,0,0,0,0,0
2026-10-04T00,85,8,14900.0,14900.0,14900.0,14900.0,1,5,5,0,0,0,0,0
2026-10-04T00,85,10,18500.0,18500.0,18500.0,18500.0,1,25,25,0,0,0,0,0
2026-10-04T00,86,0,9925.0,9925.0,9900.0,9900.0,7,98,98,0,0,0,0,16
2026-10-04T00,86,1,10500.0,10500.0,10500.0,10500.0,1,17,17,0,0,0,0,0
2026-10-04T00,86,2,10100.0,10100.0,10100.0,10100.0,3,1564,188,0,0,0,0,0
2026-10-04T00,86,3,10200.0,10200.0,10200.0,10200.0,7,1697,1688,0,0,0,0,0
2026-10-04T00,86,4,10400.0,10400.0,10400.0,10400.0,3,398,144,0,0,0,0,0
2026-10-04T00,86,5,10400.0,10400.0,10400.0,10400.0,6,5187,2719,0,0,0,0,0
2026-10-04T00,86,6,11000.0,11000.0,11000.0,11000.0,5,928,155,0,0,0,0,0
2026-10-04T00,86,8,11800.0,11800.0,11800.0,11800.0,1,511,511,0,0,0,0,0
2026-10-04T00,86,9,13100.0,13100.0,13100.0,13100.0,3,243,243,0,0,0,0,0
2026-10-04T00,86,10,12500.0,12500.0,12500.0,12500.0,3,178,76,0,0,0,0,0
2026-10-04T00,87,0,478.0,478.0,478.0,478.0,3,1663,1663,0,0,0,0,0
2026-10-04T00,87,1,480.0,480.0,480.0,480.0,3,4054,2344,0,0,0,0,0
2026-10-04T00,87,2,484.0,484.0,484.0,484.0,6,2201,2201,0,0,0,0,0
2026-10-04T00,87,3,535.0,535.0,535.0,535.0,9,5733,3037,0,0,0,0,0
2026-10-04T00,87,4,585.0,585.0,585.0,585.0,5,3320,2340,100,0,0,0,0
2026-10-04T00,87,5,590.0,590.0,590.0,590.0,10,20391,7615,0,0,0,0,0
2026-10-04T00,87,6,770.0,770.0,770.0,770.0,1,1,1,0,0,0,0,0
2026-10-04T00,87,7,775.0,775.0,775.0,775.0,1,1000,1000,0,0,0,0,0
2026-10-04T00,87,8,790.0,790.0,790.0,790.0,2,1100,1100,0,0,0,0,0
2026-10-04T00,87,9,800.0,800.0,800.0,800.0,1,1000,1000,0,0,0,0,0
2026-10-04T00,87,10,850.0,850.0,850.0,850.0,1,2000,2000,0,0,0,0,0
2026-10-04T00,88,0,10800.0,10800.0,10800.0,10800.0,16,788,28,0,0,0,0,0
2026-10-04T00,88,1,10600.0,10700.0,10600.0,10700.0,5,159,15,46,1,0,0,0
2026-10-04T00,88,2,11100.0,11100.0,11100.0,11100.0,7,406,317,0,0,0,0,0
2026-10-04T00,88,3,11100.0,11100.0,11100.0,11100.0,7,282,176,37,0,0,0,0
2026-10-04T00,88,4,11200.0,11200.0,11200.0,11200.0,10,1358,1055,0,0,0,0,0
2026-10-04T00,88,5,11400.0,11400.0,11400.0,11400.0,9,2367,959,0,0,0,0,0
2026-10-04T00,88,6,11800.0,11800.0,11800.0,11800.0,4,1257,1220,0,0,0,0,0
2026-10-04T00,88,7,12800.0,12800.0,12800.0,12800.0,1,50,50,0,0,0,0,0
2026-10-04T00,88,8,12000.0,12000.0,12000.0,12000.0,2,773,473,0,0,0,0,0
2026-10-04T00,88,9,16400.0,16400.0,16400.0,16400.0,1,20,20,0,0,0,0,0
2026-10-04T00,88,10,12000.0,12000.0,12000.0,12000.0,4,610,162,0,0,0,0,0
2026-10-04T00,89,0,4320.0,4320.0,4320.0,4320.0,15,1537,1114,0,0,0,0,0
2026-10-04T00,89,1,4440.0,4440.0,4440.0,4440.0,7,352,352,8,0,0,0,0
2026-10-04T00,89,2,4530.0,4530.0,4530.0,4530.0,9,231,231,0,0,0,0,0
2026-10-04T00,89,3,4540.0,4560.0,4540.0,4560.0,14,1696,1510,37,23,0,0,0
2026-10-04T00,89,4,4570.0,4570.0,4570.0,4570.0,11,3536,2888,0,0,0,0,0
2026-10-04T00,89,5,5175.0,5175.0,5175.0,5175.0,4,1231,560,0,0,0,0,0
2026-10-04T00,89,6,5475.0,5475.0,5475.0,5475.0,8,1439,1439,0,0,0,0,0
2026-10-04T00,89,7,5700.0,5700.0,5700.0,5700.0,3,530,530,0,0,0,0,0
2026-10-04T00,89,8,5750.0,5750.0,5750.0,5750.0,1,500,500,0,0,0,0,0
2026-10-04T00,89,9,5800.0,5800.0,5800.0,5800.0,3,552,552,0,0,0,0,0
2026-10-04T00,89,10,6000.0,6000.0,6000.0,6000.0,2,550,550,0,0,0,0,0
2026-10-04T00,89,11,6500.0,6500.0,6500.0,6500.0,1,2,2,0,0,0,0,0
2026-10-04T00,98,0,895.0,895.0,895.0,895.0,1,504,504,0,0,0,0,0
2026-10-04T00,98,1,840.0,840.0,840.0,840.0,3,1309,1306,0,0,0,0,0
2026-10-04T00,98,2,850.0,850.0,850.0,850.0,2,2805,2805,0,0,0,0,0
2026-10-04T00,98,3,835.0,835.0,800.0,800.0,17,10968,2158,0,0,0,0,1
2026-10-04T00,98,4,835.0,835.0,835.0,835.0,13,39241,27524,0,0,0,0,0
2026-10-04T00,98,5,830.0,845.0,830.0,840.0,13,38566,34804,150,7933,0,0,999
2026-10-04T00,98,6,880.0,890.0,880.0,890.0,6,6500,6500,0,795,0,0,0
2026-10-04T00,98,7,930.0,930.0,930.0,930.0,3,8590,8590,0,0,0,0,0
2026-10-04T00,98,8,960.0,960.0,960.0,960.0,1,2992,2992,0,0,0,0,0
2026-10-04T00,100,0,104.0,105.0,104.0,105.0,25,2606906,1422863,7962,7950,0,0,0
2026-10-04T00,101,0,178.0,178.0,178.0,178.0,51,237747,145635,2528,5881,0,5000,5000
2026-10-04T00,101,1,178.0,180.0,178.0,180.0,22,160597,63127,15111,4865,0,0,19976
2026-10-04T00,101,2,179.0,179.0,179.0,179.0,25,117287,67726,0,0,0,0,0
2026-10-04T00,101,3,178.0,179.0,178.0,179.0,41,239352,91538,0,305,0,0,305
2026-10-04T00,101,4,179.0,179.0,179.0,179.0,21,243341,93066,0,0,0,0,0
2026-10-04T00,101,5,180.0,180.0,180.0,180.0,20,59423,48529,0,0,0,0,0
2026-10-04T00,102,0,2.5,2.55,2.45,2.55,42,1987133,1882368,0,53675,0,50000,71388
2026-10-04T00,102,1,2.5,2.55,2.5,2.55,14,811740,678489,180109,16264,0,0,0
2026-10-04T00,102,2,2.55,2.55,2.55,2.55,17,10532938,2446996,14921,98427,0,0,0
2026-10-04T00,102,3,2.6,2.6,2.55,2.55,23,7566404,2538541,261228,0,0,0,660940
2026-10-04T00,102,4,2.65,2.65,2.65,2.65,7,1979425,1829150,7000,0,0,0,0
2026-10-04T00,102,5,2.7,2.7,2.7,2.7,7,1230169,914972,0,0,0,0,0
2026-10-04T00,102,6,3.05,3.05,3.05,3.05,2,4142954,4142954,0,0,0,0,0
2026-10-04T00,102,7,3.15,3.15,3.15,3.15,1,39900,39900,0,0,0,0,0
2026-10-04T00,102,8,3.2,3.2,3.2,3.2,1,500,500,0,0,0,0,0
2026-10-04T00,102,10,3.15,3.15,3.15,3.15,3,1901840,1810000,0,0,0,0,0
2026-10-04T00,102,12,3.4,3.4,3.4,3.4,1,999999,999999,0,0,0,0,0
2026-10-04T00,103,0,6.2,6.4,6.2,6.4,19,4145457,1128381,892,130312,0,0,0
2026-10-04T00,103,1,6.3,6.5,6.3,6.5,5,342579,342579,0,44746,0,0,0
2026-10-04T00,103,2,6.4,6.5,6.4,6.5,8,240848,239401,0,92039,0,0,0
2026-10-04T00,103,3,6.5,6.5,6.5,6.5,8,3394258,3146002,0,0,0,0,0
2026-10-04T00,103,4,7.2,7.3,7.2,7.3,2,837278,237278,0,278,0,0,237278
2026-10-04T00,103,5,7.5,7.5,7.5,7.5,7,2219047,909047,0,0,0,0,0
2026-10-04T00,103,6,7.5,7.5,7.5,7.5,3,1644073,672756,0,0,0,0,0
2026-10-04T00,103,7,7.6,7.6,7.6,7.6,1,300000,300000,0,0,0,0,0
2026-10-04T00,103,8,8.2,8.2,8.2,8.2,1,355971,355971,0,0,0,0,0
2026-10-04T00,103,9,8.2,8.2,8.2,8.2,1,200000,200000,0,0,0,0,0
2026-10-04T00,103,10,10.5,10.5,10.5,10.5,1,28530,28530,0,0,0,0,0
2026-10-04T00,103,11,8.0,8.0,8.0,8.0,2,1314281,1304281,0,0,0,0,0
2026-10-04T00,104,0,0.945,0.965,0.945,0.955,13,1703601,1654224,0,150451,0,0,33000
2026-10-04T00,104,1,0.96,0.96,0.96,0.96,3,594454,594454,1806,0,0,0,0
2026-10-04T00,104,2,0.99,0.99,0.99,0.99,6,3611854,3361854,0,0,0,0,0
2026-10-04T00,104,3,0.99,0.99,0.99,0.99,11,5221206,3085572,0,0,0,0,0
2026-10-04T00,104,4,1.05,1.05,1.05,1.05,5,12218064,948052,0,0,0,0,0
2026-10-04T00,104,5,1.4,1.4,1.4,1.4,2,1638508,1638508,0,0,0,0,0
2026-10-04T00,104,6,1.4,1.4,1.4,1.4,3,123403,63404,0,0,0,0,0
2026-10-04T00,104,9,1.5,1.5,1.5,1.5,1,100000,100000,0,0,0,0,0
2026-10-04T00,104,11,1.65,1.65,1.65,1.65,2,2029777,2000000,0,0,0,0,0
2026-10-04T00,105,0,1.5,1.5,1.5,1.5,15,236984,11128,9291,2000,0,0,10032
2026-10-04T00,105,1,1.78,1.78,1.78,1.78,2,83021,83021,0,0,0,0,0
2026-10-04T00,105,2,1.81,1.81,1.81,1.81,9,5101168,4101168,0,0,0,0,0
2026-10-04T00,105,3,1.8,1.8,1.8,1.8,1,100000,100000,0,0,0,0,0
2026-10-04T00,105,4,1.82,1.82,1.82,1.82,9,5710866,4412264,0,0,0,0,0
2026-10-04T00,105,5,1.86,1.86,1.86,1.86,7,4994062,1619226,0,0,0,0,0
2026-10-04T00,105,6,1.89,1.89,1.89,1.89,3,44548,34549,0,0,0,0,0
2026-10-04T00,105,9,2.2,2.2,2.2,2.2,1,50000,50000,0,0,0,0,0
2026-10-04T00,105,10,2.2,2.2,2.2,2.2,4,1150000,150000,0,0,0,0,0
2026-10-04T00,106,0,3.95,3.95,3.85,3.9,42,586230,185932,1435,30669,0,0,20010
2026-10-04T00,106,1,4.1,4.2,4.1,4.2,2,40188,40188,0,12340,0,0,0
2026-10-04T00,106,2,4.1,4.2,4.1,4.2,5,1431334,1431334,212435,41805,0,0,3067
2026-10-04T00,106,3,4.25,4.25,4.25,4.25,7,2402449,2071032,0,0,0,0,0
2026-10-04T00,106,4,4.55,4.55,4.55,4.55,4,388323,388323,0,0,0,0,0
2026-10-04T00,106,6,4.65,4.65,4.65,4.65,2,192157,192157,0,0,0,0,0
2026-10-04T00,107,0,20.75,20.75,20.5,20.75,5,764424,683254,32856,275,0,0,275
2026-10-04T00,107,1,21.0,21.0,21.0,21.0,3,53449,53449,0,0,0,0,0
2026-10-04T00,107,2,20.75,22.0,20.75,22.0,1,300000,300000,768,14051,0,0,0
2026-10-04T00,107,3,21.25,21.25,21.25,21.25,3,13026,13000,0,0,0,0,0
2026-10-04T00,107,4,21.25,21.25,21.25,21.25,1,12600,12600,0,0,0,0,0
2026-10-04T00,107,6,22.75,22.75,22.75,22.75,1,38173,38173,0,0,0,0,0
2026-10-04T00,108,0,9.0,9.0,8.9,9.0,49,1943290,1319737,57634,1100,0,20000,21100
2026-10-04T00,108,1,9.1,9.1,9.0,9.0,14,1367995,505908,13137,10849,0,0,32859
2026-10-04T00,108,2,9.1,9.1,9.0,9.0,17,2430747,1318942,7981,1101,0,0,700672
2026-10-04T00,108,3,9.2,9.2,9.2,9.2,10,3293491,2582063,0,0,0,0,59308
2026-10-04T00,108,4,9.4,9.4,9.4,9.4,8,554784,452284,0,0,0,0,0
2026-10-04T00,108,5,9.6,9.6,9.6,9.6,5,341523,245184,0,0,0,0,0
2026-10-04T00,108,6,12.0,12.0,12.0,12.0,1,20000,20000,0,0,0,0,0
2026-10-04T00,108,7,15.0,15.0,15.0,15.0,1,59904,59904,0,0,0,0,0
2026-10-04T00,109,0,106.0,107.0,106.0,107.0,5,48604,48604,0,2067,0,0,0
2026-10-04T00,109,1,107.0,107.0,105.0,107.0,4,100578,6540,0,152,0,0,152
2026-10-04T00,109,2,106.0,107.0,102.0,107.0,3,61062,61058,208,2346,0,0,1479
2026-10-04T00,109,3,106.0,107.0,106.0,107.0,10,83967,83967,6383,7186,0,0,0
2026-10-04T00,109,4,107.0,107.0,107.0,107.0,4,53072,53070,1011,0,0,0,0
2026-10-04T00,109,5,147.0,147.0,147.0,147.0,1,32594,32594,0,0,0,0,0
2026-10-04T00,109,6,109.0,109.0,109.0,109.0,3,30998,9999,0,0,0,0,0
2026-10-04T00,109,7,172.0,172.0,172.0,172.0,1,1999,1999,0,0,0,0,0
2026-10-04T00,109,8,228.0,228.0,228.0,228.0,1,9999,9999,0,0,0,0,0
2026-10-04T00,109,10,175.0,175.0,175.0,175.0,2,956,499,0,0,0,0,0
2026-10-04T00,110,0,197.0,199.0,194.0,199.0,12,33089,2581,2420,2626,0,0,577
2026-10-04T00,110,1,198.0,199.0,198.0,199.0,3,2221,2221,4165,539,0,0,0
2026-10-04T00,110,2,202.0,202.0,202.0,202.0,9,68214,68196,0,0,0,0,0
2026-10-04T00,110,3,200.0,200.0,195.0,200.0,2,5938,5938,0,628,0,0,1628
2026-10-04T00,110,4,218.0,218.0,218.0,218.0,1,50,50,0,0,0,0,0
2026-10-04T00,110,5,202.0,202.0,202.0,202.0,4,202843,102843,0,0,0,0,0
2026-10-04T00,110,6,202.0,202.0,202.0,202.0,1,15000,15000,0,0,0,0,0
2026-10-04T00,111,0,2490.0,2500.0,2450.0,2480.0,177,183610,143225,2843,3195,0,1800,5797
2026-10-04T00,112,0,2160.0,2160.0,2160.0,2160.0,9,8636,8636,0,0,0,0,0
2026-10-04T00,112,1,2160.0,2160.0,2150.0,2160.0,13,6134,4534,180,36,0,0,36
2026-10-04T00,112,2,2160.0,2170.0,2160.0,2170.0,3,1823,1823,109,56,0,0,0
2026-10-04T00,112,3,2170.0,2170.0,2170.0,2170.0,6,10177,10177,0,0,0,0,0
2026-10-04T00,112,4,2460.0,2460.0,2460.0,2460.0,1,300,300,0,0,0,0,0
2026-10-04T00,113,0,102.0,102.0,101.0,102.0,87,1314296,14513,920,3631,0,0,5647
2026-10-04T00,114,0,570.0,570.0,555.0,555.0,50,39574,462,24,16,0,0,195
2026-10-04T00,114,1,875.0,875.0,875.0,875.0,8,3918,2753,0,0,0,0,0
2026-10-04T00,114,2,875.0,875.0,875.0,875.0,2,186,122,0,0,0,0,0
2026-10-04T00,114,3,865.0,865.0,865.0,865.0,12,12416,12394,300,0,0,0,0
2026-10-04T00,114,4,870.0,870.0,870.0,870.0,14,32374,24933,0,0,0,0,0
2026-10-04T00,114,5,910.0,910.0,910.0,910.0,6,18395,18395,0,0,0,0,0
2026-10-04T00,114,6,930.0,930.0,930.0,930.0,8,14452,4452,0,0,0,0,0
2026-10-04T00,114,7,1070.0,1070.0,1070.0,1070.0,8,3879,2510,0,0,0,0,0
2026-10-04T00,114,8,1170.0,1170.0,1170.0,1170.0,11,5500,3000,0,0,0,0,0
2026-10-04T00,114,9,1820.0,1820.0,1820.0,1820.0,3,1065,1065,0,0,0,0,0
2026-10-04T00,114,12,4400.0,4400.0,4400.0,4400.0,1,681,681,0,0,0,0,0
2026-10-04T00,115,0,127.0,128.0,127.0,128.0,114,46875,41129,497,28,0,0,302
2026-10-04T00,115,1,125.0,129.0,125.0,129.0,19,86698,70995,500,1000,0,0,1643
2026-10-04T00,115,2,131.0,131.0,131.0,131.0,22,81942,8199,0,0,0,0,0
2026-10-04T00,115,3,138.0,138.0,138.0,138.0,14,115726,41568,0,0,0,0,0
2026-10-04T00,115,4,143.0,143.0,143.0,143.0,16,172199,90177,2267,0,0,0,0
2026-10-04T00,115,5,173.0,173.0,173.0,173.0,7,62613,42667,0,0,0,0,0
2026-10-04T00,115,6,180.0,180.0,180.0,180.0,2,3611,3106,0,0,0,0,0
2026-10-04T00,115,7,174.0,174.0,174.0,174.0,4,11497,5499,0,0,0,0,0
2026-10-04T00,116,0,40.75,41.0,40.75,41.0,90,61352,38902,3900,50,0,0,0
2026-10-04T00,116,1,41.5,41.5,41.5,41.5,5,9410,9407,0,0,0,0,0
2026-10-04T00,116,2,44.5,44.5,44.5,44.5,6,35795,25595,4208,0,0,0,0
2026-10-04T00,116,3,48.0,48.0,48.0,48.0,5,31845,10732,0,0,0,0,0
2026-10-04T00,116,4,55.0,55.0,55.0,55.0,3,65271,45271,0,0,0,0,0
2026-10-04T00,116,5,68.5,68.5,68.5,68.5,3,76458,76458,0,0,0,0,0
2026-10-04T00,116,6,75.0,75.0,75.0,75.0,1,999,999,0,0,0,0,0
2026-10-04T00,117,0,6.9,7.0,6.9,7.0,95,327191,195825,284,1640,0,0,962
2026-10-04T00,117,1,7.5,7.5,7.5,7.5,7,262262,112746,1401,0,0,0,0
2026-10-04T00,117,2,8.5,8.5,8.4,8.5,8,131486,119730,2449,1766,0,0,1766
2026-10-04T00,117,3,8.7,8.7,8.7,8.7,9,174942,37143,1256,0,0,0,0
2026-10-04T00,117,4,9.9,9.9,9.9,9.9,6,2260774,2260774,0,0,0,0,0
2026-10-04T00,117,5,11.7,11.7,11.7,11.7,5,346408,346408,57600,0,0,0,0
2026-10-04T00,117,6,12.4,12.4,12.4,12.4,4,1781704,1781704,0,0,0,0,0
2026-10-04T00,117,7,13.0,13.0,12.9,12.9,6,802982,482375,0,0,0,0,6848
2026-10-04T00,117,8,13.8,13.8,13.8,13.8,2,2590422,2590422,0,0,0,0,0
2026-10-04T00,117,9,18.9,18.9,18.9,18.9,1,40000,40000,0,0,0,0,0
2026-10-04T00,117,10,17.7,17.7,17.6,17.6,3,110000,110000,0,0,0,0,10000
2026-10-04T00,117,11,19.0,19.0,19.0,19.0,12,5292876,155459,0,0,0,0,0
2026-10-04T00,117,12,21.0,21.0,21.0,21.0,3,96600,46600,0,0,0,0,0
2026-10-04T00,118,0,0.825,0.825,0.815,0.825,51,1075526,278467,0,36015,0,0,36365
2026-10-04T00,118,1,0.83,0.83,0.83,0.83,3,58180,57180,0,0,0,0,0
2026-10-04T00,118,2,0.825,0.825,0.825,0.825,6,2467173,2384173,101485,0,0,0,0
2026-10-04T00,118,3,0.935,0.935,0.935,0.935,14,2770370,346878,0,0,0,0,0
2026-10-04T00,118,4,0.95,0.95,0.95,0.95,5,16180316,12741686,0,0,0,0,0
2026-10-04T00,118,5,1.0,1.0,1.0,1.0,3,6873592,600000,0,0,0,0,0
2026-10-04T00,118,6,1.36,1.36,1.36,1.36,4,11692687,640893,0,0,0,0,0
2026-10-04T00,118,7,2.05,2.05,2.05,2.05,1,5183027,5183027,0,0,0,0,0
2026-10-04T00,118,8,1.98,1.98,1.98,1.98,3,2485739,2485739,0,0,0,0,0
2026-10-04T00,118,9,2.0,2.0,2.0,2.0,2,2960000,2960000,0,0,0,0,0
2026-10-04T00,118,12,2.2,2.2,2.2,2.2,2,1010403,1000000,0,0,0,0,0
2026-10-04T00,119,0,37.75,37.75,37.5,37.5,20,9028,8050,0,0,0,0,52
2026-10-04T00,119,1,37.5,37.5,37.5,37.5,15,131479,116723,1,0,0,0,0
2026-10-04T00,119,2,37.75,37.75,37.75,37.75,21,401173,311313,0,0,0,0,0
2026-10-04T00,119,3,39.75,39.75,39.5,39.5,20,147009,61099,0,0,0,0,1567
2026-10-04T00,119,4,41.25,41.25,41.25,41.25,39,892055,94195,0,0,0,0,0
2026-10-04T00,119,5,50.0,50.0,50.0,50.0,18,213791,102912,0,0,0,68000,3824
2026-10-04T00,119,6,57.5,57.5,57.5,57.5,13,209232,73878,0,0,0,0,0
2026-10-04T00,119,7,62.5,62.5,62.5,62.5,9,87927,78945,0,0,0,0,0
2026-10-04T00,119,8,63.5,63.5,63.5,63.5,1,29997,29997,0,0,0,0,0
2026-10-04T00,119,9,64.0,64.0,64.0,64.0,7,46441,46441,0,0,0,0,0
2026-10-04T00,119,10,65.5,65.5,65.5,65.5,5,41584,1584,0,0,0,0,0
2026-10-04T00,119,11,65.5,65.5,65.5,65.5,2,45000,45000,0,0,0,0,0
2026-10-04T00,119,12,72.5,72.5,72.5,72.5,6,87464,87464,0,0,0,0,0
2026-10-04T00,120,0,2.6,2.65,2.6,2.65,103,1315925,372866,51539,1660,0,0,2690
2026-10-04T00,120,1,2.7,2.7,2.7,2.7,9,425830,97353,0,0,0,0,0
2026-10-04T00,120,2,2.7,2.7,2.7,2.7,12,2228697,151530,696,0,0,0,0
2026-10-04T00,120,3,2.8,2.95,2.8,2.95,11,1849550,713464,63951,236,0,0,0
2026-10-04T00,120,4,3.35,3.35,3.3,3.3,5,1472131,1117447,0,0,0,0,113405
2026-10-04T00,120,5,3.65,3.65,3.65,3.65,1,943,943,0,0,0,0,0
2026-10-04T00,120,6,3.65,3.65,3.65,3.65,1,1550,1550,0,613656,0,0,1550
2026-10-04T00,120,7,3.7,3.7,3.7,3.7,3,2169005,2117605,0,0,0,0,0
2026-10-04T00,120,9,6.1,6.1,6.1,6.1,2,1779160,1779160,0,0,0,0,0
2026-10-04T00,120,10,6.0,6.0,6.0,6.0,6,1391720,651720,0,0,0,0,0
2026-10-04T00,120,11,6.3,6.3,6.3,6.3,5,1144791,1094790,0,0,0,0,0
2026-10-04T00,121,0,139.0,139.0,138.0,138.0,21,12033,3781,25,0,0,0,1689
2026-10-04T00,121,1,179.0,179.0,179.0,179.0,3,19731,19731,116,0,0,0,0
2026-10-04T00,121,2,180.0,180.0,180.0,180.0,10,15190,14833,0,0,0,0,0
2026-10-04T00,121,3,180.0,186.0,180.0,186.0,10,216933,66933,484,39,0,0,0
2026-10-04T00,121,4,208.0,208.0,208.0,208.0,5,21779,21779,0,0,0,0,0
2026-10-04T00,121,5,214.0,214.0,214.0,214.0,5,18424,11640,0,0,0,0,0
2026-10-04T00,121,6,220.0,220.0,220.0,220.0,4,40506,11906,0,0,0,0,0
2026-10-04T00,121,7,230.0,230.0,230.0,230.0,6,109951,109951,0,0,0,0,0
2026-10-04T00,121,8,260.0,260.0,260.0,260.0,2,24478,2256,0,0,0,0,0
2026-10-04T00,121,10,278.0,278.0,278.0,278.0,1,917,917,0,0,0,0,0
2026-10-04T00,121,12,280.0,280.0,280.0,280.0,1,4738,4738,0,0,0,0,0
2026-10-04T00,122,0,116.0,117.0,115.0,115.0,23,15727,8914,39,126,0,0,206
2026-10-04T00,122,1,117.0,117.0,117.0,117.0,12,14606,10264,0,111,0,0,0
2026-10-04T00,122,2,117.0,117.0,117.0,117.0,14,74685,36875,174,0,0,0,0
2026-10-04T00,122,3,128.0,128.0,128.0,128.0,9,46473,35592,0,0,0,0,0
2026-10-04T00,122,4,135.0,135.0,135.0,135.0,8,240262,239477,0,0,0,0,0
2026-10-04T00,122,5,134.0,134.0,134.0,134.0,12,101909,42547,0,0,0,0,0
2026-10-04T00,122,6,135.0,138.0,135.0,137.0,17,169446,33081,0,24321,0,0,620
2026-10-04T00,122,7,145.0,145.0,145.0,145.0,6,51628,15746,0,0,0,0,0
2026-10-04T00,122,8,168.0,168.0,168.0,168.0,10,31224,12966,0,0,0,0,0
2026-10-04T00,122,9,174.0,174.0,174.0,174.0,3,52995,52995,0,0,0,0,0
2026-10-04T00,122,10,177.0,177.0,177.0,177.0,7,133653,75570,0,0,0,0,0
2026-10-04T00,122,12,274.0,274.0,274.0,274.0,1,231663,231663,1,0,0,0,0
2026-10-04T00,123,0,278.0,278.0,276.0,276.0,30,5707,1771,31,0,0,0,254
2026-10-04T00,123,1,302.0,302.0,302.0,302.0,2,1230,1230,0,0,0,0,0
2026-10-04T00,123,2,282.0,282.0,282.0,282.0,12,11161,2507,0,0,0,0,0
2026-10-04T00,123,3,292.0,292.0,292.0,292.0,15,28892,27389,0,0,0,0,0
2026-10-04T00,123,4,300.0,300.0,300.0,300.0,9,36990,36970,0,0,0,0,0
2026-10-04T00,123,5,304.0,304.0,304.0,304.0,8,116814,106402,0,0,0,0,0
2026-10-04T00,123,6,328.0,328.0,328.0,328.0,4,20054,10054,0,0,0,0,0
2026-10-04T00,123,7,314.0,314.0,314.0,314.0,2,29660,24098,0,0,0,0,0
2026-10-04T00,123,8,324.0,324.0,324.0,324.0,2,20361,2184,0,0,0,0,0
2026-10-04T00,123,9,356.0,356.0,356.0,356.0,2,6735,6735,0,0,0,0,0
2026-10-04T00,123,12,404.0,404.0,404.0,404.0,1,5368,5368,0,0,0,0,0
2026-10-04T00,124,0,33.25,33.25,32.5,32.75,52,160381,42412,373,170,0,0,1102
2026-10-04T00,124,1,34.0,34.0,34.0,34.0,14,139924,22119,0,0,0,0,0
2026-10-04T00,124,2,34.75,35.5,34.75,35.5,20,560857,312814,0,12617,0,0,0
2026-10-04T00,124,3,37.0,37.25,33.5,33.5,14,452469,12824,6132,200,0,0,12824
2026-10-04T00,124,4,41.0,41.0,41.0,41.0,14,618165,426165,0,0,0,0,0
2026-10-04T00,124,5,44.25,44.25,44.25,44.25,6,784925,784925,0,0,0,0,0
2026-10-04T00,124,6,46.5,46.5,46.5,46.5,19,1177934,1145934,0,0,0,0,0
2026-10-04T00,124,7,43.0,43.0,43.0,43.0,3,609069,270000,0,0,0,0,0
2026-10-04T00,124,8,51.0,51.0,51.0,51.0,6,217658,93056,0,0,0,0,0
2026-10-04T00,124,9,58.0,58.0,58.0,58.0,4,1175195,1164771,0,0,0,0,0
2026-10-04T00,124,10,64.0,64.0,64.0,64.0,5,110624,109884,0,0,0,0,0
2026-10-04T00,124,11,71.0,71.0,71.0,71.0,4,11456,10740,0,0,0,0,0
2026-10-04T00,124,12,75.0,75.0,75.0,75.0,9,30278,5000,0,0,0,0,0
2026-10-04T00,125,0,24.75,26.0,24.75,25.5,56,348844,34449,1270,832,0,0,2462
2026-10-04T00,125,1,27.25,27.25,27.0,27.0,18,42397,8252,0,0,0,0,418
2026-10-04T00,125,2,28.5,28.5,28.25,28.25,12,37691,8640,0,0,0,0,100
2026-10-04T00,125,3,31.25,34.0,31.25,34.0,31,258134,68733,5240,56443,0,0,0
2026-10-04T00,125,4,41.5,41.5,41.5,41.5,8,118742,118217,0,0,0,0,0
2026-10-04T00,125,5,41.75,41.75,41.75,41.75,16,419190,138789,0,0,0,0,0
2026-10-04T00,125,6,47.5,47.5,47.5,47.5,5,100967,100967,0,0,0,0,0
2026-10-04T00,125,7,48.25,48.25,48.25,48.25,10,365618,215618,193,0,0,0,0
2026-10-04T00,125,8,51.5,51.5,51.5,51.5,4,228977,97428,0,0,0,0,0
2026-10-04T00,125,9,58.5,58.5,58.5,58.5,3,292297,292297,0,0,0,0,0
2026-10-04T00,125,10,58.0,58.0,58.0,58.0,4,267954,267954,0,0,0,0,0
2026-10-04T00,125,11,60.0,60.0,60.0,60.0,2,53968,53968,0,0,0,0,0
2026-10-04T00,125,12,75.0,75.0,75.0,75.0,2,44084,44074,0,0,0,0,0
2026-10-04T00,126,0,50.5,50.5,49.75,50.0,20,27822,14376,400,73,0,98,10092
2026-10-04T00,126,1,51.5,51.5,51.0,51.0,9,52452,28916,0,0,0,0,108
2026-10-04T00,126,2,52.0,52.0,52.0,52.0,18,128209,120629,0,0,0,0,10833
2026-10-04T00,126,3,53.0,53.5,53.0,53.5,11,261165,130394,0,6117,0,0,0
2026-10-04T00,126,4,55.5,55.5,55.5,55.5,9,141668,127015,0,0,0,0,0
2026-10-04T00,126,5,57.5,58.0,57.5,58.0,7,413412,283405,0,12133,0,0,0
2026-10-04T00,126,6,61.5,61.5,61.5,61.5,3,18863,9701,0,0,0,0,0
2026-10-04T00,126,7,65.0,65.0,65.0,65.0,4,5941,5941,228,0,0,0,0
2026-10-04T00,126,8,72.0,72.0,70.0,70.0,5,98433,98433,0,0,0,0,5000
2026-10-04T00,126,9,76.5,76.5,76.5,76.5,2,2844,2844,0,0,0,0,0
2026-10-04T00,126,10,83.0,83.0,83.0,83.0,3,286220,36220,0,0,0,0,0
2026-10-04T00,126,12,120.0,120.0,120.0,120.0,1,553,553,0,0,0,0,0
2026-10-04T00,127,0,448.0,448.0,448.0,448.0,15,8521,8487,0,0,0,0,0
2026-10-04T00,127,1,444.0,444.0,444.0,444.0,7,21147,21147,0,0,0,0,0
2026-10-04T00,127,2,448.0,448.0,448.0,448.0,9,13199,13189,0,0,0,0,0
2026-10-04T00,127,3,456.0,456.0,456.0,456.0,5,3185,3185,0,0,0,0,0
2026-10-04T00,127,4,488.0,488.0,488.0,488.0,2,2638,2638,0,0,0,0,0
2026-10-04T00,127,5,490.0,490.0,490.0,490.0,3,25750,5000,0,0,0,0,0
2026-10-04T00,128,0,54.0,54.0,54.0,54.0,22,21005,9315,0,0,0,0,0
2026-10-04T00,128,1,68.0,68.0,68.0,68.0,1,1607,1607,0,0,0,0,0
2026-10-04T00,128,2,68.5,68.5,68.5,68.5,4,17946,17946,0,0,0,0,0
2026-10-04T00,128,3,79.0,79.0,79.0,79.0,2,25493,25493,0,0,0,0,0
2026-10-04T00,128,4,85.0,85.0,85.0,85.0,1,8231,8231,0,0,0,0,0
2026-10-04T00,128,5,85.0,85.0,85.0,85.0,4,56400,56400,0,0,0,0,0
2026-10-04T00,128,9,100.0,100.0,100.0,100.0,1,25040,25040,0,0,0,0,0
2026-10-04T00,129,0,2150.0,2150.0,2150.0,2150.0,51,5061,100,0,0,0,0,0
2026-10-04T00,129,1,2650.0,2650.0,2650.0,2650.0,11,1626,1626,0,0,0,0,0
2026-10-04T00,129,2,2690.0,2690.0,2680.0,2680.0,9,555,222,0,0,0,0,27
2026-10-04T00,129,3,2830.0,2830.0,2830.0,2830.0,17,3578,3028,0,0,0,0,0
2026-10-04T00,129,4,2880.0,2880.0,2880.0,2880.0,7,2138,2138,0,0,0,0,0
2026-10-04T00,129,5,2940.0,2940.0,2940.0,2940.0,4,5089,3589,0,0,0,0,0
2026-10-04T00,129,6,2980.0,2980.0,2980.0,2980.0,5,1932,232,0,0,0,0,0
2026-10-04T00,129,7,3000.0,3000.0,3000.0,3000.0,12,2778,765,0,0,0,0,0
2026-10-04T00,129,8,3190.0,3190.0,3190.0,3190.0,12,7886,3204,0,0,0,0,0
2026-10-04T00,129,9,4500.0,4500.0,4500.0,4500.0,1,424,424,0,0,0,0,0
2026-10-04T00,129,11,4980.0,4980.0,4980.0,4980.0,2,60,60,0,0,0,0,0
2026-10-04T00,129,12,4500.0,4500.0,4500.0,4500.0,2,1165,673,0,0,0,0,0
2026-10-04T00,130,0,2410.0,2410.0,2410.0,2410.0,5,447,447,0,0,0,0,0
2026-10-04T00,130,1,2440.0,2440.0,2440.0,2440.0,3,341,341,0,0,0,0,0
2026-10-04T00,130,2,2480.0,2480.0,2480.0,2480.0,4,212,212,0,0,0,0,0
2026-10-04T00,130,3,2510.0,2510.0,2510.0,2510.0,7,3554,2772,0,0,0,0,0
2026-10-04T00,130,4,2560.0,2560.0,2560.0,2560.0,3,727,727,0,0,0,0,0
2026-10-04T00,130,5,2710.0,2710.0,2710.0,2710.0,6,13693,2435,0,0,0,0,0
2026-10-04T00,130,7,2900.0,2900.0,2900.0,2900.0,3,1463,1463,0,0,0,0,0
2026-10-04T00,130,8,2990.0,2990.0,2990.0,2990.0,2,509,509,0,0,0,0,0
2026-10-04T00,130,9,3040.0,3040.0,3040.0,3040.0,2,3078,3078,0,0,0,0,0
2026-10-04T00,130,11,3050.0,3050.0,3050.0,3050.0,2,5200,5200,0,0,0,0,0
2026-10-04T00,130,12,4000.0,4000.0,4000.0,4000.0,1,27,27,0,0,0,0,0
2026-10-04T00,131,0,2280.0,2280.0,2280.0,2280.0,16,611,408,0,0,0,0,0
2026-10-04T00,131,1,2290.0,2290.0,2290.0,2290.0,9,522,427,0,0,0,0,0
2026-10-04T00,131,2,2420.0,2420.0,2420.0,2420.0,9,1413,422,0,0,0,0,0
2026-10-04T00,131,3,2700.0,2700.0,2700.0,2700.0,5,1058,2,0,0,0,0,0
2026-10-04T00,131,4,2760.0,2760.0,2760.0,2760.0,9,3156,753,0,0,0,0,0
2026-10-04T00,131,5,2990.0,2990.0,2990.0,2990.0,6,7730,5280,0,0,0,0,0
2026-10-04T00,131,7,3040.0,3040.0,3040.0,3040.0,1,80,80,0,0,0,0,0
2026-10-04T00,131,8,3030.0,3030.0,3030.0,3030.0,1,276,276,0,0,0,0,0
2026-10-04T00,131,9,2990.0,2990.0,2990.0,2990.0,3,4252,4252,0,0,0,0,0
2026-10-04T00,132,0,2130.0,2130.0,2130.0,2130.0,17,567,305,3,0,0,0,0
2026-10-04T00,132,1,2220.0,2220.0,2220.0,2220.0,16,1181,62,0,0,0,0,0
2026-10-04T00,132,2,2630.0,2630.0,2630.0,2630.0,10,1440,1440,0,0,0,0,0
2026-10-04T00,132,3,2750.0,2750.0,2750.0,2750.0,2,376,376,0,0,0,0,0
2026-10-04T00,132,4,2300.0,2300.0,2300.0,2300.0,3,251,88,0,0,0,0,0
2026-10-04T00,132,5,2910.0,2910.0,2910.0,2910.0,2,1544,1544,0,0,0,0,0
2026-10-04T00,132,6,2920.0,2920.0,2920.0,2920.0,1,594,594,0,0,0,0,0
2026-10-04T00,132,7,3000.0,3000.0,3000.0,3000.0,3,3022,922,9,0,0,0,0
2026-10-04T00,132,8,3290.0,3290.0,3290.0,3290.0,2,200,200,0,0,0,0,0
2026-10-04T00,132,10,3200.0,3200.0,3200.0,3200.0,5,2675,1742,0,0,0,0,0
2026-10-04T00,133,0,14.4,14.4,14.4,14.4,31,516138,289058,4010,390,0,0,0
2026-10-04T00,133,1,15.6,15.6,15.6,15.6,10,61077,28331,0,0,0,0,0
2026-10-04T00,133,2,15.9,15.9,15.9,15.9,13,281943,133594,7138,0,0,0,0
2026-10-04T00,133,3,18.0,18.0,18.0,18.0,9,516134,385963,5140,0,0,0,0
2026-10-04T00,133,4,19.8,19.8,19.8,19.8,7,141436,128006,0,0,0,0,0
2026-10-04T00,133,5,30.0,30.0,30.0,30.0,10,470975,391977,0,0,0,0,0
2026-10-04T00,133,8,33.0,33.0,33.0,33.0,14,1184175,640000,40000,0,0,0,0
2026-10-04T00,133,9,36.75,36.75,36.75,36.75,4,23628,23628,0,0,0,0,0
2026-10-04T00,133,10,38.5,38.5,38.5,38.5,2,58770,58770,0,0,0,0,0
2026-10-04T00,133,11,44.75,44.75,44.75,44.75,2,60989,60989,0,0,0,0,0
2026-10-04T00,134,0,48.0,48.0,48.0,48.0,29,42035,10903,625,0,0,0,1446
2026-10-04T00,134,1,49.0,49.0,48.75,48.75,16,53794,43333,232,0,0,0,378
2026-10-04T00,134,2,49.5,49.5,48.75,48.75,18,54423,25312,0,0,0,0,5116
2026-10-04T00,134,3,49.0,50.5,49.0,50.5,14,128664,92818,26,52,0,0,0
2026-10-04T00,134,4,56.0,56.0,56.0,56.0,13,214514,109665,0,0,0,0,0
2026-10-04T00,134,5,57.5,57.5,57.5,57.5,12,161934,96680,0,0,0,0,0
2026-10-04T00,134,6,62.5,62.5,62.5,62.5,4,111879,83547,0,0,0,0,0
2026-10-04T00,134,7,63.0,63.0,63.0,63.0,5,62131,9310,0,0,0,0,0
2026-10-04T00,134,8,83.5,83.5,83.5,83.5,2,43810,43810,0,0,0,0,0
2026-10-04T00,134,10,83.0,83.0,83.0,83.0,8,31248,31178,0,0,0,5000,0
2026-10-04T00,134,12,103.0,103.0,103.0,103.0,1,7733,7733,0,0,0,0,0
2026-10-04T00,135,0,18.4,18.7,18.3,18.3,17,122511,38612,459,2949,0,0,5656
2026-10-04T00,135,1,18.5,18.5,18.5,18.5,10,62787,62777,0,0,0,0,0
2026-10-04T00,135,2,18.7,18.7,18.4,18.7,11,144253,122683,653,2492,0,0,3145
2026-10-04T00,135,3,18.5,18.5,18.5,18.5,10,172128,141209,77635,0,0,0,0
2026-10-04T00,135,4,21.25,21.25,21.25,21.25,5,205310,205310,0,0,0,0,0
2026-10-04T00,135,5,22.0,22.0,22.0,22.0,7,434746,197873,0,0,0,0,0
2026-10-04T00,135,6,22.75,22.75,22.75,22.75,5,330014,170917,0,0,0,0,0
2026-10-04T00,135,7,25.25,25.25,25.25,25.25,8,345418,22054,0,0,0,0,0
2026-10-04T00,135,8,27.75,27.75,27.75,27.75,3,85184,55184,0,0,0,0,0
2026-10-04T00,135,9,26.0,26.0,26.0,26.0,2,65678,40000,0,0,0,0,0
2026-10-04T00,135,11,35.0,35.0,35.0,35.0,1,10000,10000,0,0,0,0,0
2026-10-04T00,136,0,1.44,1.45,1.44,1.45,66,480272,129268,0,50,0,0,519
2026-10-04T00,136,1,1.65,1.65,1.65,1.65,3,26591,26591,0,0,0,0,0
2026-10-04T00,136,2,1.67,1.67,1.67,1.67,4,2939494,276709,0,0,0,0,0
2026-10-04T00,136,3,1.81,1.81,1.81,1.81,4,1126612,126280,0,0,0,0,0
2026-10-04T00,136,4,2.1,2.1,2.1,2.1,8,651294,195000,0,0,0,0,0
2026-10-04T00,136,6,2.4,2.4,2.4,2.4,1,2999,2999,0,0,0,0,0
2026-10-04T00,136,7,2.35,2.35,2.35,2.35,2,394414,394414,0,0,0,0,0
2026-10-04T00,136,9,2.45,2.45,2.45,2.45,2,3777,3777,0,0,0,0,0
2026-10-04T00,137,0,121.0,122.0,121.0,121.0,12,11023,9940,444,206,0,0,120
2026-10-04T00,137,1,124.0,124.0,124.0,124.0,9,18384,13632,0,0,0,0,0
2026-10-04T00,137,2,125.0,125.0,125.0,125.0,9,24525,14696,0,0,0,0,0
2026-10-04T00,137,3,147.0,147.0,135.0,135.0,5,28224,740,0,0,0,0,740
2026-10-04T00,137,4,148.0,148.0,148.0,148.0,4,18640,18640,0,0,0,0,0
2026-10-04T00,137,5,157.0,157.0,157.0,157.0,1,8987,8987,0,0,0,0,0
2026-10-04T00,137,6,152.0,152.0,152.0,152.0,5,16121,16121,0,0,0,0,0
2026-10-04T00,137,7,169.0,169.0,169.0,169.0,1,23722,23722,0,0,0,0,0
2026-10-04T00,137,8,180.0,180.0,180.0,180.0,1,250,250,0,0,0,0,0
2026-10-04T00,137,9,230.0,230.0,230.0,230.0,1,100,100,0,0,0,0,0
2026-10-04T00,138,0,1510.0,1510.0,1500.0,1500.0,11,2338,15,0,0,0,0,3
2026-10-04T00,138,1,1600.0,1600.0,1600.0,1600.0,4,138,138,0,0,0,0,0
2026-10-04T00,138,2,1790.0,1790.0,1790.0,1790.0,3,840,840,0,0,0,0,0
2026-10-04T00,138,3,1790.0,1790.0,1790.0,1790.0,8,2644,1238,0,0,0,0,200
2026-10-04T00,138,4,1880.0,1880.0,1880.0,1880.0,7,4342,592,0,0,0,0,0
2026-10-04T00,138,5,2190.0,2190.0,2190.0,2190.0,2,1443,1443,0,0,0,0,0
2026-10-04T00,139,0,10.1,10.1,9.9,9.9,25,489847,276168,1600,0,0,0,2948
2026-10-04T00,139,1,10.3,10.3,10.1,10.1,10,80709,25241,440,0,0,0,3096
2026-10-04T00,139,2,10.2,10.3,10.2,10.3,14,336086,263575,0,22906,0,0,0
2026-10-04T00,139,3,10.6,10.9,10.6,10.9,4,1558911,1558911,0,5172,0,0,0
2026-10-04T00,139,4,12.1,12.1,12.1,12.1,7,535650,535650,0,0,0,0,0
2026-10-04T00,139,5,13.5,13.5,13.5,13.5,2,81174,81174,0,0,0,0,0
2026-10-04T00,139,6,14.5,14.5,14.5,14.5,2,590438,590438,0,0,0,0,0
2026-10-04T00,139,7,17.0,17.0,17.0,17.0,1,100000,100000,0,0,0,0,0
2026-10-04T00,139,9,23.0,23.0,23.0,23.0,1,7783,7783,0,0,0,0,0
2026-10-04T00,139,10,22.0,22.0,22.0,22.0,1,1000,1000,0,0,0,0,0
2026-10-04T00,140,0,236.0,236.0,236.0,236.0,11,1441,1410,1,0,0,0,0
2026-10-04T00,140,1,238.0,238.0,238.0,238.0,6,8600,8574,0,0,0,0,0
2026-10-04T00,140,2,240.0,240.0,240.0,240.0,8,20630,20630,0,0,0,0,0
2026-10-04T00,140,3,242.0,242.0,242.0,242.0,8,29892,29892,0,0,0,0,0
2026-10-04T00,140,4,296.0,296.0,296.0,296.0,4,13915,13915,0,0,0,0,0
2026-10-04T00,140,5,298.0,298.0,298.0,298.0,6,16842,16842,0,0,0,0,0
2026-10-04T00,140,6,310.0,310.0,310.0,310.0,1,79,79,0,0,0,0,0
2026-10-04T00,140,8,300.0,300.0,300.0,300.0,1,1000,1000,0,0,0,0,0
2026-10-04T00,141,0,33.75,33.75,33.75,33.75,19,101124,22033,200,0,0,0,0
2026-10-04T00,141,1,44.75,44.75,44.75,44.75,6,154468,135404,504,0,0,0,0
2026-10-04T00,141,2,47.0,47.0,47.0,47.0,3,87441,3333,0,0,0,0,0
2026-10-04T00,141,3,47.25,47.25,47.25,47.25,9,179575,75656,396,0,0,0,0
2026-10-04T00,141,4,56.0,56.0,54.5,54.5,6,36442,32996,0,0,0,0,11708
2026-10-04T00,141,5,57.5,57.5,57.5,57.5,6,71676,52197,0,0,0,0,0
2026-10-04T00,141,6,61.5,61.5,61.0,61.0,7,112173,46797,0,0,0,0,155
2026-10-04T00,141,7,74.0,74.0,74.0,74.0,9,158537,138537,0,0,0,0,0
2026-10-04T00,141,8,84.5,84.5,84.5,84.5,8,40501,21135,0,0,0,0,0
2026-10-04T00,141,9,95.0,95.0,95.0,95.0,2,9229,9229,0,0,0,0,0
2026-10-04T00,141,10,98.0,98.0,98.0,98.0,4,4813,4813,0,0,0,0,0
2026-10-04T00,141,11,116.0,116.0,116.0,116.0,2,41111,41111,0,0,0,0,0
2026-10-04T00,142,0,835.0,835.0,830.0,830.0,17,2830,1163,0,0,0,0,26
2026-10-04T00,142,1,840.0,840.0,840.0,840.0,12,6895,1452,0,0,0,0,0
2026-10-04T00,142,2,850.0,850.0,850.0,850.0,12,1241,683,0,0,0,0,0
2026-10-04T00,142,3,915.0,915.0,915.0,915.0,13,7476,5733,0,0,0,0,0
2026-10-04T00,142,4,945.0,945.0,945.0,945.0,5,6966,6966,0,0,0,0,0
2026-10-04T00,142,5,945.0,945.0,945.0,945.0,13,92767,59752,1900,0,0,0,0
2026-10-04T00,142,6,1040.0,1040.0,1040.0,1040.0,3,4465,4465,0,0,0,0,0
2026-10-04T00,142,7,1040.0,1040.0,1040.0,1040.0,1,1023,1023,14,0,0,0,0
2026-10-04T00,142,8,1050.0,1050.0,1050.0,1050.0,3,11651,6651,0,0,0,0,0
2026-10-04T00,142,9,1190.0,1190.0,1190.0,1190.0,2,6043,6043,0,0,0,0,0
2026-10-04T00,142,10,1260.0,1260.0,1260.0,1260.0,8,5960,3140,0,0,0,0,0
2026-10-04T00,142,11,1380.0,1380.0,1380.0,1380.0,2,1400,1400,0,0,0,0,0
2026-10-04T00,142,12,1450.0,1450.0,1450.0,1450.0,7,6764,2764,0,0,0,0,0
2026-10-04T00,143,0,775.0,775.0,775.0,775.0,21,1694,961,0,0,0,0,214
2026-10-04T00,143,1,800.0,800.0,800.0,800.0,9,1064,850,0,0,0,0,0
2026-10-04T00,143,2,815.0,815.0,810.0,810.0,19,1895,1062,0,0,0,0,85
2026-10-04T00,143,3,845.0,845.0,840.0,840.0,14,8801,4922,0,0,0,300,355
2026-10-04T00,143,4,895.0,895.0,890.0,890.0,12,4585,3510,0,0,0,0,1306
2026-10-04T00,143,5,925.0,940.0,925.0,940.0,6,22970,22970,0,236,0,0,0
2026-10-04T00,143,6,930.0,945.0,930.0,940.0,4,29661,29661,0,1000,0,0,300
2026-10-04T00,143,7,995.0,995.0,995.0,995.0,3,40807,40807,0,0,0,0,0
2026-10-04T00,143,8,1120.0,1120.0,1120.0,1120.0,1,349,349,0,0,0,0,0
2026-10-04T00,143,9,1120.0,1120.0,1120.0,1120.0,2,5238,4770,0,0,0,0,0
2026-10-04T00,143,10,1170.0,1170.0,1170.0,1170.0,6,1911,1911,0,0,0,0,0
2026-10-04T00,143,11,1350.0,1350.0,1350.0,1350.0,1,270,270,0,0,0,0,0
2026-10-04T00,143,12,1370.0,1370.0,1370.0,1370.0,2,1500,1500,0,0,0,0,0
2026-10-04T00,144,0,16.7,16.7,16.7,16.7,10,45158,43419,0,0,0,0,0
2026-10-04T00,144,1,17.2,17.2,17.2,17.2,6,28001,28001,0,0,0,0,0
2026-10-04T00,144,2,18.3,18.3,18.3,18.3,2,19418,19418,0,0,0,0,0
2026-10-04T00,144,3,19.4,19.4,17.9,17.9,4,83812,100,0,0,0,0,100
2026-10-04T00,144,4,19.5,19.5,19.5,19.5,1,10000,10000,0,0,0,0,0
2026-10-04T00,144,5,22.25,22.25,22.25,22.25,1,1024,1024,0,0,0,0,0
2026-10-04T00,144,6,18.5,18.5,18.5,18.5,1,730000,730000,0,0,0,0,0
2026-10-04T00,145,0,126.0,126.0,124.0,125.0,59,1776429,605434,75,7450,0,0,9627
2026-10-04T00,146,0,5.1,5.1,5.0,5.0,38,963475,270477,0,6197,0,0,6914
2026-10-04T00,146,1,5.2,5.2,5.1,5.1,11,705075,102767,0,0,0,50000,3039
2026-10-04T00,146,2,5.3,5.3,5.3,5.3,3,375919,87993,0,0,0,0,0
2026-10-04T00,146,3,5.6,5.6,5.6,5.6,8,1163940,301568,0,0,0,0,5000
2026-10-04T00,146,4,5.9,5.9,5.9,5.9,7,1009321,301636,0,0,0,0,0
2026-10-04T00,146,5,6.6,6.6,6.6,6.6,5,2999132,2999132,0,0,0,0,0
2026-10-04T00,146,6,7.9,7.9,7.9,7.9,2,1488137,1488137,0,0,0,0,0
2026-10-04T00,146,8,8.5,8.5,8.5,8.5,1,100000,100000,0,0,0,0,0
2026-10-04T00,146,9,8.9,8.9,8.9,8.9,2,1400123,370887,0,0,0,0,0
2026-10-04T00,146,10,9.0,9.0,9.0,9.0,2,505000,5000,0,0,0,0,0
2026-10-04T00,146,11,11.2,11.2,11.2,11.2,1,99977,99977,0,0,0,0,0
2026-10-04T00,147,0,35.25,35.25,35.25,35.25,11,291880,204878,0,0,0,0,0
2026-10-04T00,147,1,35.25,35.25,35.25,35.25,12,141290,133475,0,0,0,0,0
2026-10-04T00,147,2,35.25,35.25,35.0,35.0,18,571756,321480,4000,0,0,0,15000
2026-10-04T00,147,3,37.0,37.0,37.0,37.0,6,259574,254159,0,0,0,0,0
2026-10-04T00,147,4,40.0,40.0,40.0,40.0,6,274700,111450,0,0,0,0,0
2026-10-04T00,147,5,57.0,57.0,57.0,57.0,1,4999,4999,0,0,0,0,0
2026-10-04T00,148,0,32.5,32.5,32.5,32.5,13,9272,8580,0,0,0,0,0
2026-10-04T00,148,1,32.75,32.75,32.75,32.75,7,122429,120422,0,0,0,0,0
2026-10-04T00,148,2,33.75,33.75,33.75,33.75,4,24182,6415,0,0,0,0,0
2026-10-04T00,148,3,33.75,33.75,33.75,33.75,15,458147,102076,0,0,0,0,0
2026-10-04T00,148,4,38.0,38.0,38.0,38.0,13,681048,489000,0,0,0,0,0
2026-10-04T00,148,5,47.5,47.5,47.5,47.5,4,64452,64452,0,0,0,0,0
2026-10-04T00,148,6,59.5,59.5,59.5,59.5,2,10100,10100,0,0,0,0,0
2026-10-04T00,148,8,75.0,75.0,75.0,75.0,1,62469,62469,0,0,0,0,0
2026-10-04T00,148,10,79.5,79.5,79.5,79.5,2,11004,11004,0,0,0,0,0
2026-10-04T00,149,0,780.0,780.0,770.0,770.0,10,825,131,0,0,0,0,18
2026-10-04T00,149,1,830.0,830.0,830.0,830.0,12,1557,1042,0,0,0,0,0
2026-10-04T00,149,2,885.0,885.0,885.0,885.0,8,2274,794,0,0,0,0,0
2026-10-04T00,149,3,860.0,860.0,860.0,860.0,6,2597,1566,0,0,0,0,0
2026-10-04T00,149,4,890.0,890.0,885.0,885.0,8,2996,1846,0,0,0,0,344
2026-10-04T00,149,5,960.0,960.0,960.0,960.0,5,8312,8312,0,0,0,0,0
2026-10-04T00,149,6,1120.0,1120.0,1120.0,1120.0,1,2289,2289,0,0,0,0,0
2026-10-04T00,149,8,1130.0,1130.0,1130.0,1130.0,7,18050,4786,0,0,0,0,0
2026-10-04T00,149,9,1130.0,1130.0,1130.0,1130.0,3,2419,2419,19,0,0,0,0
2026-10-04T00,149,11,1720.0,1720.0,1720.0,1720.0,1,100,100,0,0,0,0,0
2026-10-04T00,149,12,2200.0,2200.0,2200.0,2200.0,1,149,149,0,0,0,0,0
2026-10-04T00,150,0,360.0,360.0,360.0,360.0,27,37929,463,0,0,0,0,0
2026-10-04T00,150,1,810.0,810.0,810.0,810.0,8,2613,2213,0,0,0,0,0
2026-10-04T00,150,2,1810.0,1810.0,1810.0,1810.0,5,92,92,0,172,0,0,0
2026-10-04T00,150,3,2820.0,2820.0,2820.0,2820.0,29,631,298,0,0,0,0,0
2026-10-04T00,150,4,4400.0,4400.0,4400.0,4400.0,17,341,134,50,0,0,0,184
2026-10-04T00,150,5,8000.0,8000.0,8000.0,8000.0,6,503,170,30,0,0,0,0
2026-10-04T00,150,6,17200.0,17400.0,17200.0,17400.0,9,1008,608,0,16,0,0,0
2026-10-04T00,150,7,34500.0,34500.0,34500.0,34500.0,6,101,42,0,0,0,0,0
2026-10-04T00,150,8,60000.0,60000.0,60000.0,60000.0,14,321,100,0,0,0,0,0
2026-10-04T00,150,9,158500.0,158500.0,158500.0,158500.0,12,262,121,0,0,0,0,0
2026-10-04T00,150,10,277000.0,277000.0,277000.0,277000.0,13,149,54,0,0,0,0,0
2026-10-04T00,150,11,550000.0,550000.0,550000.0,550000.0,7,83,16,0,0,0,0,0
2026-10-04T00,150,12,1286000.0,1286000.0,1286000.0,1286000.0,9,58,55,0,0,0,0,0
2026-10-04T00,151,0,220.0,220.0,220.0,220.0,7,3688,2315,0,0,0,0,0
2026-10-04T00,151,1,238.0,238.0,238.0,238.0,4,4688,4010,0,0,0,0,0
2026-10-04T00,151,2,240.0,240.0,240.0,240.0,3,667,265,0,0,0,0,0
2026-10-04T00,151,3,240.0,240.0,240.0,240.0,2,1628,1328,0,0,0,0,0
2026-10-04T00,151,4,360.0,360.0,360.0,360.0,1,500,500,0,0,0,0,0
2026-10-04T00,151,6,396.0,396.0,396.0,396.0,1,641,641,0,0,0,0,0
2026-10-04T00,151,9,398.0,398.0,398.0,398.0,2,244,244,0,0,0,0,0
2026-10-04T00,151,10,620.0,620.0,620.0,620.0,13,8929,368,0,0,0,0,0
2026-10-04T00,152,0,222.0,222.0,222.0,222.0,5,4997,4946,0,0,0,0,0
2026-10-04T00,152,1,228.0,228.0,228.0,228.0,3,2593,2593,0,0,0,0,0
2026-10-04T00,152,3,340.0,340.0,340.0,340.0,1,989,989,0,0,0,0,0
2026-10-04T00,152,4,350.0,350.0,350.0,350.0,1,3000,3000,0,0,0,0,0
2026-10-04T00,153,0,67.0,67.0,67.0,67.0,1,98,98,0,0,0,0,0
2026-10-04T00,153,1,65.0,65.0,65.0,65.0,1,4844,4844,0,0,0,0,0
2026-10-04T00,154,0,69.5,69.5,69.5,69.5,6,5132,886,0,0,0,0,0
2026-10-04T00,155,0,131.0,131.0,131.0,131.0,16,7340,4521,0,0,0,0,0
2026-10-04T00,155,2,145.0,145.0,145.0,145.0,3,1468,266,0,0,0,0,0
2026-10-04T00,155,3,169.0,169.0,169.0,169.0,1,4180,4180,0,0,0,0,0
2026-10-04T00,155,4,170.0,170.0,170.0,170.0,1,9849,9849,0,0,0,0,0
2026-10-04T00,155,7,300.0,300.0,300.0,300.0,1,1,1,0,0,0,0,0
