heure,kind,ouverture,haut,bas,cloture,n_releves
2026-10-04T00,1,0.254,0.254,0.24,0.252,56
2026-10-04T00,2,0.36,0.373,0.359,0.364,56
2026-10-04T00,3,2.15,2.3,2.1,2.1,56
2026-10-04T00,4,2.55,2.7,2.45,2.7,56
2026-10-04T00,5,2.95,2.95,2.7,2.85,56
2026-10-04T00,6,0.665,0.665,0.655,0.655,56
2026-10-04T00,7,37.75,38.25,37.0,38.25,56
2026-10-04T00,8,10.5,10.5,10.4,10.5,56
2026-10-04T00,9,1.13,1.25,1.13,1.21,56
2026-10-04T00,10,27.5,28.25,27.5,28.0,56
2026-10-04T00,11,38.0,38.25,37.75,38.25,56
2026-10-04T00,12,38.25,38.5,37.0,38.0,56
2026-10-04T00,13,0.359,0.36,0.35,0.36,56
2026-10-04T00,14,11.0,11.5,11.0,11.1,56
2026-10-04T00,15,10.0,10.0,9.5,9.5,56
2026-10-04T00,16,7.2,7.5,7.2,7.4,56
2026-10-04T00,17,14.3,14.6,14.1,14.6,56
2026-10-04T00,18,19.6,19.6,19.5,19.6,56
2026-10-04T00,19,10.4,10.4,10.4,10.4,56
2026-10-04T00,20,102.0,105.0,102.0,104.0,56
2026-10-04T00,21,54.5,55.0,54.0,54.5,56
2026-10-04T00,22,96.0,96.5,95.5,96.5,56
2026-10-04T00,23,111.0,114.0,111.0,113.0,56
2026-10-04T00,24,590.0,590.0,585.0,590.0,56
2026-10-04T00,25,725.0,740.0,725.0,740.0,56
2026-10-04T00,26,1130.0,1130.0,1130.0,1130.0,56
2026-10-04T00,27,535.0,535.0,535.0,535.0,56
2026-10-04T00,28,890.0,890.0,890.0,890.0,56
2026-10-04T00,29,96.5,99.0,95.0,99.0,56
2026-10-04T00,30,146.0,146.0,145.0,146.0,56
2026-10-04T00,31,177.0,178.0,176.0,177.0,56
2026-10-04T00,32,197.0,197.0,195.0,195.0,56
2026-10-04T00,33,101.0,102.0,99.0,102.0,56
2026-10-04T00,34,85.0,85.0,83.5,84.5,56
2026-10-04T00,35,69.5,69.5,68.5,68.5,56
2026-10-04T00,40,1.42,1.43,1.39,1.39,56
2026-10-04T00,41,4.4,4.45,4.4,4.45,56
2026-10-04T00,42,4.9,5.1,4.9,5.0,56
2026-10-04T00,43,11.2,11.3,11.1,11.2,56
2026-10-04T00,44,1.27,1.31,1.26,1.28,56
2026-10-04T00,45,12.1,12.1,10.7,11.9,56
2026-10-04T00,46,25.0,26.0,24.5,25.5,56
2026-10-04T00,47,426.0,428.0,424.0,424.0,56
2026-10-04T00,48,210.0,210.0,208.0,210.0,56
2026-10-04T00,49,900.0,900.0,900.0,900.0,56
2026-10-04T00,50,308.0,308.0,308.0,308.0,56
2026-10-04T00,51,760.0,780.0,760.0,780.0,56
2026-10-04T00,52,555.0,560.0,555.0,560.0,56
2026-10-04T00,53,3280.0,3280.0,3280.0,3280.0,56
2026-10-04T00,54,6225.0,6225.0,6225.0,6225.0,56
2026-10-04T00,55,2090.0,2090.0,2090.0,2090.0,56
2026-10-04T00,56,4150.0,4160.0,4150.0,4150.0,56
2026-10-04T00,57,5275.0,5275.0,5275.0,5275.0,56
2026-10-04T00,58,116.0,116.0,116.0,116.0,56
2026-10-04T00,59,62.0,62.0,61.0,62.0,56
2026-10-04T00,60,6.0,6.0,5.8,5.9,56
2026-10-04T00,61,18.2,18.2,18.2,18.2,56
2026-10-04T00,62,20.0,20.0,19.9,20.0,56
2026-10-04T00,63,32.0,32.25,32.0,32.25,56
2026-10-04T00,64,42.0,42.0,42.0,42.0,56
2026-10-04T00,65,12.7,12.7,12.6,12.6,56
2026-10-04T00,66,0.268,0.273,0.26,0.269,56
2026-10-04T00,67,11.4,11.5,11.4,11.5,56
2026-10-04T00,68,30.0,31.0,30.0,30.5,56
2026-10-04T00,69,5925.0,6100.0,5925.0,6075.0,56
2026-10-04T00,70,760.0,765.0,760.0,765.0,56
2026-10-04T00,71,1480.0,1480.0,1480.0,1480.0,56
2026-10-04T00,72,1.72,1.75,1.72,1.73,56
2026-10-04T00,73,28.0,29.5,27.0,29.5,56
2026-10-04T00,74,19.1,19.1,19.0,19.0,56
2026-10-04T00,75,6.0,6.1,5.9,6.1,56
2026-10-04T00,76,57.0,58.0,56.5,58.0,56
2026-10-04T00,77,2600.0,2610.0,2590.0,2610.0,56
2026-10-04T00,78,1830.0,1830.0,1830.0,1830.0,56
2026-10-04T00,79,775.0,780.0,775.0,775.0,56
2026-10-04T00,80,4640.0,4640.0,4640.0,4640.0,56
2026-10-04T00,81,4960.0,4960.0,4960.0,4960.0,56
2026-10-04T00,82,1610.0,1620.0,1610.0,1620.0,56
2026-10-04T00,83,28.25,28.25,27.5,28.0,56
2026-10-04T00,84,8175.0,8175.0,8175.0,8175.0,56
2026-10-04T00,85,7825.0,7825.0,7825.0,7825.0,56
2026-10-04T00,86,9925.0,9925.0,9900.0,9900.0,56
2026-10-04T00,87,478.0,478.0,478.0,478.0,56
2026-10-04T00,88,10600.0,10700.0,10600.0,10700.0,56
2026-10-04T00,89,4320.0,4320.0,4320.0,4320.0,56
2026-10-04T00,98,830.0,835.0,800.0,800.0,56
2026-10-04T00,100,104.0,105.0,104.0,105.0,56
2026-10-04T00,101,178.0,178.0,177.0,178.0,56
2026-10-04T00,102,2.5,2.55,2.45,2.55,56
2026-10-04T00,103,6.2,6.4,6.2,6.4,56
2026-10-04T00,104,0.945,0.96,0.945,0.955,56
2026-10-04T00,105,1.5,1.5,1.5,1.5,56
2026-10-04T00,106,3.9,3.95,3.85,3.9,56
2026-10-04T00,107,20.75,20.75,20.5,20.75,56
2026-10-04T00,108,9.0,9.0,8.9,9.0,56
2026-10-04T00,109,105.0,107.0,102.0,107.0,56
2026-10-04T00,110,197.0,199.0,194.0,199.0,56
2026-10-04T00,111,2490.0,2500.0,2450.0,2470.0,56
2026-10-04T00,112,2160.0,2160.0,2150.0,2160.0,56
2026-10-04T00,113,103.0,103.0,101.0,102.0,56
2026-10-04T00,114,570.0,570.0,555.0,555.0,56
2026-10-04T00,115,125.0,128.0,125.0,128.0,56
2026-10-04T00,116,40.75,41.0,40.75,41.0,56
2026-10-04T00,117,6.9,7.0,6.8,7.0,56
2026-10-04T00,118,0.825,0.825,0.815,0.825,56
2026-10-04T00,119,37.5,37.5,37.5,37.5,56
2026-10-04T00,120,2.6,2.65,2.5,2.65,56
2026-10-04T00,121,139.0,139.0,138.0,138.0,56
2026-10-04T00,122,116.0,117.0,113.0,113.0,56
2026-10-04T00,123,278.0,278.0,276.0,276.0,56
2026-10-04T00,124,33.25,33.25,32.5,32.75,56
2026-10-04T00,125,24.75,26.0,24.75,25.25,56
2026-10-04T00,126,50.5,50.5,49.75,50.0,56
2026-10-04T00,127,444.0,444.0,444.0,444.0,56
2026-10-04T00,128,54.0,54.0,54.0,54.0,56
2026-10-04T00,129,2150.0,2150.0,2150.0,2150.0,56
2026-10-04T00,130,2410.0,2410.0,2410.0,2410.0,56
2026-10-04T00,131,2280.0,2280.0,2280.0,2280.0,56
2026-10-04T00,132,2130.0,2130.0,2130.0,2130.0,56
2026-10-04T00,133,14.4,14.4,14.4,14.4,56
2026-10-04T00,134,48.0,48.0,48.0,48.0,56
2026-10-04T00,135,18.4,18.5,18.3,18.3,56
2026-10-04T00,136,1.44,1.45,1.44,1.45,56
2026-10-04T00,137,121.0,122.0,121.0,121.0,56
2026-10-04T00,138,1510.0,1510.0,1500.0,1500.0,56
2026-10-04T00,139,10.1,10.1,9.9,9.9,56
2026-10-04T00,140,236.0,236.0,236.0,236.0,56
2026-10-04T00,141,33.75,33.75,33.75,33.75,56
2026-10-04T00,142,835.0,835.0,830.0,830.0,56
2026-10-04T00,143,780.0,780.0,775.0,775.0,56
2026-10-04T00,144,16.7,16.7,16.7,16.7,56
2026-10-04T00,145,126.0,126.0,124.0,125.0,56
2026-10-04T00,146,4.8,5.0,4.8,5.0,56
2026-10-04T00,147,35.0,35.0,35.0,35.0,56
2026-10-04T00,148,32.5,32.5,32.5,32.5,56
2026-10-04T00,149,780.0,780.0,770.0,770.0,56
2026-10-04T00,150,360.0,360.0,360.0,360.0,56
2026-10-04T00,151,220.0,220.0,220.0,220.0,56
2026-10-04T00,152,222.0,222.0,222.0,222.0,56
2026-10-04T00,153,65.0,65.0,65.0,65.0,56
2026-10-04T00,154,69.5,69.5,69.5,69.5,56
2026-10-04T00,155,131.0,131.0,131.0,131.0,56
