heure,kind,quality,prix,vendu,disparu,n_evt
2026-10-04T00,1,0,0.249,0,39922,1
2026-10-04T00,1,0,0.25,0,747635,2
2026-10-04T00,1,0,0.252,3300903,113543,5
2026-10-04T00,1,0,0.253,155907,10000,2
2026-10-04T00,1,0,0.254,343273,1420510,5
2026-10-04T00,1,1,0.253,0,1028406,3
2026-10-04T00,1,1,0.254,180240,429796,5
2026-10-04T00,1,1,0.255,0,162898,1
2026-10-04T00,1,2,0.253,0,304923,1
2026-10-04T00,1,2,0.254,0,1311330,3
2026-10-04T00,1,2,0.255,1556762,28196261,19
2026-10-04T00,1,3,0.254,0,2373785,2
2026-10-04T00,1,3,0.255,171966,7189706,4
2026-10-04T00,1,3,0.256,11309666,0,5
2026-10-04T00,1,4,0.256,0,2973918,1
2026-10-04T00,1,5,0.257,1516859,0,3
2026-10-04T00,1,6,0.257,0,146746,1
2026-10-04T00,1,10,0.258,0,8697195,1
2026-10-04T00,1,10,0.259,0,1776064,1
2026-10-04T00,2,0,0.367,0,1792,1
2026-10-04T00,2,0,0.368,0,60468,3
2026-10-04T00,2,0,0.369,143072,177473,4
2026-10-04T00,2,0,0.37,0,2204067,3
2026-10-04T00,2,0,0.371,305243,96113,5
2026-10-04T00,2,0,0.372,255729,616748,6
2026-10-04T00,2,0,0.373,336476,5225694,8
2026-10-04T00,2,1,0.378,0,37097,1
2026-10-04T00,2,1,0.379,0,18000,1
2026-10-04T00,2,1,0.38,0,130765,1
2026-10-04T00,2,1,0.382,12948,27536,2
2026-10-04T00,2,1,0.383,58430,541324,5
2026-10-04T00,2,1,0.384,756659,0,2
2026-10-04T00,2,2,0.384,0,188960,2
2026-10-04T00,2,2,0.385,2445080,384071,4
2026-10-04T00,2,2,0.386,994435,0,3
2026-10-04T00,2,3,0.406,239184,0,1
2026-10-04T00,2,3,0.407,26808,0,1
2026-10-04T00,2,4,0.449,1330683,0,2
2026-10-04T00,2,5,0.486,838932,0,1
2026-10-04T00,2,7,0.51,66360,0,1
2026-10-04T00,2,11,0.56,0,539980,1
2026-10-04T00,2,11,0.565,460020,0,1
2026-10-04T00,3,0,2.15,101,654,3
2026-10-04T00,3,0,2.2,0,380,3
2026-10-04T00,3,0,2.25,0,220563,3
2026-10-04T00,3,0,2.3,0,547,2
2026-10-04T00,3,3,2.75,73544,0,1
2026-10-04T00,4,0,2.45,0,2190,1
2026-10-04T00,4,0,2.5,0,87,1
2026-10-04T00,4,0,2.55,0,10000,1
2026-10-04T00,4,0,2.65,0,521,2
2026-10-04T00,4,0,2.7,850,10000,2
2026-10-04T00,4,1,2.65,0,13315,1
2026-10-04T00,4,1,2.7,0,8186,1
2026-10-04T00,5,0,2.75,0,50,1
2026-10-04T00,5,0,2.8,0,318,1
2026-10-04T00,5,0,2.85,0,120,2
2026-10-04T00,5,0,2.9,0,18484,2
2026-10-04T00,5,0,2.95,464,0,2
2026-10-04T00,7,0,37.0,0,673,1
2026-10-04T00,7,0,37.25,0,145,1
2026-10-04T00,7,0,37.5,21,63,4
2026-10-04T00,7,0,37.75,100,60,2
2026-10-04T00,7,0,38.25,61,19,2
2026-10-04T00,7,1,38.0,0,81,1
2026-10-04T00,7,1,38.25,535,312,2
2026-10-04T00,7,3,38.0,0,312,1
2026-10-04T00,7,3,39.0,0,672,1
2026-10-04T00,7,3,39.25,0,38,1
2026-10-04T00,7,3,39.5,0,556,1
2026-10-04T00,7,3,39.75,0,600,1
2026-10-04T00,7,3,40.0,1026,0,1
2026-10-04T00,8,0,10.4,2,901,2
2026-10-04T00,8,0,10.5,699,0,3
2026-10-04T00,9,0,1.13,0,10000,1
2026-10-04T00,9,0,1.14,0,4853,1
2026-10-04T00,9,0,1.15,0,574,1
2026-10-04T00,9,0,1.16,0,52214,2
2026-10-04T00,9,0,1.17,0,1000,1
2026-10-04T00,9,0,1.2,0,2000,1
2026-10-04T00,9,0,1.21,2,0,1
2026-10-04T00,9,0,1.23,0,1000,1
2026-10-04T00,9,1,1.25,0,36,1
2026-10-04T00,9,2,1.25,7138,605,2
2026-10-04T00,10,0,27.5,0,5000,1
2026-10-04T00,10,0,27.75,225,1290,3
2026-10-04T00,10,0,28.0,152,5847,3
2026-10-04T00,10,0,28.25,13203,0,3
2026-10-04T00,10,1,28.0,0,1856,1
2026-10-04T00,10,2,28.25,3464,53567,3
2026-10-04T00,10,2,28.5,21915,0,3
2026-10-04T00,10,3,28.25,0,10888,2
2026-10-04T00,10,3,28.5,72244,20056,6
2026-10-04T00,10,4,28.75,10850,1358,2
2026-10-04T00,10,4,29.0,9492,0,1
2026-10-04T00,11,0,38.0,0,1032,1
2026-10-04T00,11,0,38.25,13758,0,3
2026-10-04T00,11,1,38.25,0,8028,1
2026-10-04T00,11,2,38.75,0,612,1
2026-10-04T00,11,3,39.0,0,10,1
2026-10-04T00,11,4,39.25,0,17284,1
2026-10-04T00,12,0,38.25,15571,872,5
2026-10-04T00,12,0,38.5,3859,2104,2
2026-10-04T00,12,1,38.25,0,12240,2
2026-10-04T00,12,2,38.5,0,5014,1
2026-10-04T00,12,3,38.5,0,2000,1
2026-10-04T00,12,3,38.75,0,2591,1
2026-10-04T00,12,3,39.0,0,85434,2
2026-10-04T00,12,4,39.25,0,150000,1
2026-10-04T00,13,0,0.356,1683482,1114451,3
2026-10-04T00,13,0,0.357,0,92052,2
2026-10-04T00,13,0,0.358,176271,2450319,5
2026-10-04T00,13,0,0.359,376605,458166,3
2026-10-04T00,13,0,0.36,151755,0,1
2026-10-04T00,13,0,0.361,82862,0,1
2026-10-04T00,14,0,11.0,0,2139,1
2026-10-04T00,14,0,11.1,871,639,2
2026-10-04T00,14,0,11.2,0,2453,3
2026-10-04T00,14,0,11.3,21276,50986,3
2026-10-04T00,14,0,11.4,0,156120,4
2026-10-04T00,14,1,11.4,0,5149,2
2026-10-04T00,14,1,11.5,10048,0,1
2026-10-04T00,14,2,11.4,126903,26097,4
2026-10-04T00,14,2,11.5,23393,26607,4
2026-10-04T00,15,0,9.8,1400,0,1
2026-10-04T00,15,0,9.9,10000,0,1
2026-10-04T00,15,2,10.0,51936,0,3
2026-10-04T00,15,3,10.2,22894,0,1
2026-10-04T00,16,0,7.3,0,284,1
2026-10-04T00,16,0,7.4,26183,49945,4
2026-10-04T00,16,0,7.5,1600,0,1
2026-10-04T00,16,1,7.3,1784,7371,2
2026-10-04T00,16,1,7.4,0,279,1
2026-10-04T00,16,1,7.5,0,29833,1
2026-10-04T00,16,2,7.4,0,20000,1
2026-10-04T00,16,2,7.5,30072,20830,5
2026-10-04T00,16,2,7.6,122668,7075,4
2026-10-04T00,16,5,7.8,0,158936,1
2026-10-04T00,16,8,7.9,0,35244,1
2026-10-04T00,17,0,14.1,0,15350,1
2026-10-04T00,17,0,14.3,13744,4932,2
2026-10-04T00,17,0,14.5,0,14915,2
2026-10-04T00,17,1,14.4,2307,7381,3
2026-10-04T00,17,1,14.5,0,6606,2
2026-10-04T00,17,1,14.6,50484,0,4
2026-10-04T00,17,2,14.6,0,13024,2
2026-10-04T00,17,2,14.7,12638,0,1
2026-10-04T00,17,3,14.8,96352,0,1
2026-10-04T00,17,4,14.9,80000,0,1
2026-10-04T00,17,6,15.1,0,18779,1
2026-10-04T00,17,6,15.2,0,210190,1
2026-10-04T00,18,0,19.6,7832,3972,7
2026-10-04T00,18,0,19.7,5077,0,2
2026-10-04T00,18,2,20.0,0,1577,1
2026-10-04T00,18,2,20.25,41312,0,5
2026-10-04T00,18,3,20.25,0,26511,1
2026-10-04T00,18,3,20.5,50,0,1
2026-10-04T00,18,4,20.25,0,19,1
2026-10-04T00,19,0,10.4,6804,141,5
2026-10-04T00,19,0,10.5,1725,0,1
2026-10-04T00,19,1,10.8,17500,0,2
2026-10-04T00,19,3,11.0,0,7038,2
2026-10-04T00,19,3,11.1,4032,0,1
2026-10-04T00,19,4,11.1,16029,0,2
2026-10-04T00,19,5,11.2,16374,0,1
2026-10-04T00,20,0,104.0,0,50,1
2026-10-04T00,20,0,105.0,190,0,1
2026-10-04T00,20,1,102.0,500,160,2
2026-10-04T00,20,1,109.0,0,500,1
2026-10-04T00,20,1,110.0,1116,0,2
2026-10-04T00,21,1,54.5,2494,3542,3
2026-10-04T00,21,1,55.0,360,0,1
2026-10-04T00,21,2,55.0,250,1750,2
2026-10-04T00,21,3,55.5,10516,0,1
2026-10-04T00,22,0,95.5,120,697,2
2026-10-04T00,22,0,96.0,0,570,1
2026-10-04T00,22,1,95.5,240,3009,2
2026-10-04T00,22,1,96.5,496,0,2
2026-10-04T00,22,2,96.0,6992,3008,5
2026-10-04T00,23,0,111.0,0,104,1
2026-10-04T00,23,0,112.0,3799,1927,3
2026-10-04T00,23,0,114.0,594,0,1
2026-10-04T00,23,1,116.0,0,450,1
2026-10-04T00,23,2,117.0,312,1576,2
2026-10-04T00,23,3,118.0,913,0,2
2026-10-04T00,23,4,118.0,1766,1670,2
2026-10-04T00,23,6,121.0,2304,0,1
2026-10-04T00,24,0,585.0,0,6,1
2026-10-04T00,24,1,590.0,170,0,3
2026-10-04T00,25,0,725.0,0,86,1
2026-10-04T00,25,0,740.0,90,0,1
2026-10-04T00,25,1,730.0,480,1370,2
2026-10-04T00,28,4,935.0,0,2049,1
2026-10-04T00,28,4,940.0,0,1116,1
2026-10-04T00,29,0,95.5,200,2250,3
2026-10-04T00,29,0,96.0,0,1785,1
2026-10-04T00,29,0,96.5,0,7904,1
2026-10-04T00,29,0,97.0,0,11884,2
2026-10-04T00,29,0,97.5,0,4024,2
2026-10-04T00,30,0,144.0,0,395,1
2026-10-04T00,30,0,145.0,0,285,2
2026-10-04T00,30,0,146.0,5979,0,5
2026-10-04T00,31,0,176.0,1010,82,3
2026-10-04T00,31,0,177.0,29,321,2
2026-10-04T00,31,0,178.0,9144,0,2
2026-10-04T00,32,0,195.0,100,0,1
2026-10-04T00,32,0,196.0,1000,0,1
2026-10-04T00,33,0,99.5,0,20,1
2026-10-04T00,33,0,100.0,21,1333,2
2026-10-04T00,33,0,101.0,0,26650,1
2026-10-04T00,34,0,83.5,0,811,1
2026-10-04T00,34,0,84.0,0,891,1
2026-10-04T00,34,0,84.5,608,0,3
2026-10-04T00,34,0,85.0,20,0,1
2026-10-04T00,35,0,69.5,1000,0,1
2026-10-04T00,40,0,1.42,0,5000,1
2026-10-04T00,40,0,1.43,8190,0,1
2026-10-04T00,41,0,4.4,350,2022,3
2026-10-04T00,41,0,4.45,5112,1037,2
2026-10-04T00,41,4,4.85,75194,0,1
2026-10-04T00,41,5,4.65,0,7327,2
2026-10-04T00,41,5,5.2,200000,0,1
2026-10-04T00,42,0,4.9,100,149,2
2026-10-04T00,42,0,4.95,0,14005,2
2026-10-04T00,42,0,5.0,4205,6487,5
2026-10-04T00,42,0,5.1,8712,2852,4
2026-10-04T00,42,1,5.3,1268,0,1
2026-10-04T00,42,2,5.3,21020,18115,2
2026-10-04T00,42,3,5.4,9375,0,1
2026-10-04T00,43,0,11.2,660,800,3
2026-10-04T00,43,0,11.3,6228,0,3
2026-10-04T00,43,2,11.4,6723,0,2
2026-10-04T00,43,4,11.8,26388,0,1
2026-10-04T00,44,0,1.26,0,552,1
2026-10-04T00,44,0,1.27,0,51213,1
2026-10-04T00,44,0,1.28,0,13734,2
2026-10-04T00,44,0,1.29,36273,98228,5
2026-10-04T00,44,0,1.3,68268,0,2
2026-10-04T00,44,0,1.31,23252,0,1
2026-10-04T00,44,1,1.32,72108,0,2
2026-10-04T00,44,3,1.32,881163,128838,5
2026-10-04T00,44,5,1.33,32523,0,1
2026-10-04T00,45,0,11.9,250,8899,3
2026-10-04T00,45,3,12.1,858,0,1
2026-10-04T00,46,0,24.5,0,105,1
2026-10-04T00,46,0,24.75,0,1549,4
2026-10-04T00,46,0,25.0,242,8,2
2026-10-04T00,46,0,25.5,0,63,1
2026-10-04T00,46,0,25.75,0,250,1
2026-10-04T00,46,1,26.0,17,0,2
2026-10-04T00,46,2,27.0,0,2024,1
2026-10-04T00,46,2,27.25,500,9440,2
2026-10-04T00,46,2,27.5,9871,59,2
2026-10-04T00,46,3,28.25,0,1689,1
2026-10-04T00,46,3,29.0,0,3824,1
2026-10-04T00,46,3,29.25,1424,0,1
2026-10-04T00,47,1,426.0,130,3,3
2026-10-04T00,47,2,428.0,1,0,1
2026-10-04T00,47,3,446.0,200,0,1
2026-10-04T00,48,0,208.0,0,168,1
2026-10-04T00,48,0,210.0,40,0,1
2026-10-04T00,50,0,308.0,10,0,1
2026-10-04T00,50,2,312.0,374,0,4
2026-10-04T00,50,3,312.0,0,10,1
2026-10-04T00,50,4,314.0,1600,0,1
2026-10-04T00,50,5,316.0,288,0,1
2026-10-04T00,51,0,765.0,0,406,1
2026-10-04T00,51,0,770.0,0,163,1
2026-10-04T00,51,0,775.0,0,1,1
2026-10-04T00,51,1,770.0,0,157,2
2026-10-04T00,51,1,775.0,0,279,1
2026-10-04T00,51,1,780.0,0,1205,3
2026-10-04T00,51,2,785.0,35,0,1
2026-10-04T00,52,1,555.0,0,58,1
2026-10-04T00,52,1,560.0,79,0,2
2026-10-04T00,52,5,605.0,100,0,1
2026-10-04T00,54,6,6675.0,0,658,1
2026-10-04T00,56,3,4310.0,0,120,1
2026-10-04T00,57,0,5275.0,1,0,1
2026-10-04T00,58,0,116.0,1250,0,2
2026-10-04T00,59,0,61.0,725,926,3
2026-10-04T00,59,0,61.5,200,2955,2
2026-10-04T00,59,0,62.0,0,40715,1
2026-10-04T00,60,0,5.9,5268,0,1
2026-10-04T00,60,0,6.0,2000,0,1
2026-10-04T00,60,3,6.1,0,12389,1
2026-10-04T00,60,3,6.2,0,26243,1
2026-10-04T00,61,2,18.2,200,0,1
2026-10-04T00,62,0,20.0,3000,0,1
2026-10-04T00,62,3,20.75,0,3868,1
2026-10-04T00,63,0,32.0,0,6020,2
2026-10-04T00,63,4,34.0,0,3000,1
2026-10-04T00,64,2,42.75,0,10000,1
2026-10-04T00,65,1,12.7,0,9065,2
2026-10-04T00,66,0,0.265,11129,14234,3
2026-10-04T00,66,0,0.267,0,54203,1
2026-10-04T00,66,0,0.268,207600,1509310,6
2026-10-04T00,66,0,0.269,0,34706,3
2026-10-04T00,66,0,0.27,0,345654,7
2026-10-04T00,66,0,0.271,0,65921,2
2026-10-04T00,66,0,0.272,0,464274,4
2026-10-04T00,66,0,0.273,289197,0,3
2026-10-04T00,66,1,0.274,0,84206,1
2026-10-04T00,66,1,0.275,0,98004,1
2026-10-04T00,66,1,0.276,692,147193,2
2026-10-04T00,66,1,0.277,460374,0,1
2026-10-04T00,66,2,0.278,354330,361722,2
2026-10-04T00,66,2,0.279,0,288528,1
2026-10-04T00,66,2,0.28,0,242675,1
2026-10-04T00,66,2,0.281,0,503858,2
2026-10-04T00,66,2,0.282,103217,0,1
2026-10-04T00,66,3,0.299,8758,153233,2
2026-10-04T00,66,3,0.3,267535,0,1
2026-10-04T00,66,5,0.356,279644,0,1
2026-10-04T00,67,0,11.4,0,12404,2
2026-10-04T00,68,0,30.0,0,4057,1
2026-10-04T00,68,0,30.25,0,164,1
2026-10-04T00,68,0,30.5,0,5090,1
2026-10-04T00,68,0,30.75,0,932,3
2026-10-04T00,68,2,31.75,39,0,1
2026-10-04T00,69,0,5850.0,0,5,1
2026-10-04T00,69,0,5925.0,8,25,2
2026-10-04T00,69,0,5950.0,0,158,1
2026-10-04T00,69,0,5975.0,0,16,2
2026-10-04T00,69,0,6000.0,0,101,4
2026-10-04T00,69,0,6075.0,41,37,4
2026-10-04T00,69,0,6100.0,22,42,4
2026-10-04T00,69,1,6225.0,14,0,2
2026-10-04T00,69,2,6425.0,34,0,1
2026-10-04T00,69,3,6400.0,0,60,1
2026-10-04T00,69,3,6425.0,0,78,2
2026-10-04T00,69,4,6450.0,6,0,1
2026-10-04T00,70,0,760.0,0,10,1
2026-10-04T00,70,4,765.0,20,0,2
2026-10-04T00,71,0,1480.0,30,0,3
2026-10-04T00,72,0,1.72,0,9717,3
2026-10-04T00,72,0,1.73,0,17268,3
2026-10-04T00,72,0,1.74,20638,3579,4
2026-10-04T00,72,0,1.75,70220,10811,4
2026-10-04T00,72,2,1.89,0,2983,1
2026-10-04T00,72,2,1.9,0,152829,1
2026-10-04T00,72,3,1.93,0,6075,1
2026-10-04T00,72,3,1.94,0,97294,1
2026-10-04T00,72,3,1.95,0,149516,1
2026-10-04T00,72,3,1.96,63995,0,2
2026-10-04T00,72,5,3.0,51454,0,1
2026-10-04T00,73,0,27.0,0,1000,1
2026-10-04T00,73,0,28.0,0,625,1
2026-10-04T00,73,0,28.25,0,100,1
2026-10-04T00,73,0,28.5,0,325,2
2026-10-04T00,73,0,28.75,0,452,2
2026-10-04T00,73,0,29.0,0,1604,5
2026-10-04T00,73,0,29.25,3165,7001,7
2026-10-04T00,73,0,29.5,13817,0,3
2026-10-04T00,73,1,29.75,750,0,1
2026-10-04T00,73,1,30.0,4574,1000,2
2026-10-04T00,73,2,30.0,1250,0,1
2026-10-04T00,73,2,30.25,0,1184,1
2026-10-04T00,73,2,30.5,4165,0,1
2026-10-04T00,73,4,31.0,12329,0,1
2026-10-04T00,74,1,22.25,3700,5740,2
2026-10-04T00,74,7,23.0,50209,0,2
2026-10-04T00,75,0,5.9,0,3259,1
2026-10-04T00,75,0,6.0,0,11386,3
2026-10-04T00,75,2,6.1,184439,76380,3
2026-10-04T00,76,0,56.5,0,1859,1
2026-10-04T00,76,0,57.0,19,614,2
2026-10-04T00,76,0,57.5,0,1218,2
2026-10-04T00,76,1,58.0,0,10,1
2026-10-04T00,76,2,58.5,2082,9682,3
2026-10-04T00,76,3,59.0,3128,10773,2
2026-10-04T00,77,0,2600.0,0,2,1
2026-10-04T00,77,1,2610.0,33,0,2
2026-10-04T00,77,2,2600.0,0,32,1
2026-10-04T00,77,3,2730.0,0,16,1
2026-10-04T00,77,3,2740.0,0,521,1
2026-10-04T00,77,3,2750.0,63,0,1
2026-10-04T00,77,4,2770.0,0,47,1
2026-10-04T00,77,4,2790.0,353,0,1
2026-10-04T00,78,0,1830.0,9,0,1
2026-10-04T00,78,2,1940.0,60,0,1
2026-10-04T00,79,0,775.0,0,6,1
2026-10-04T00,79,0,780.0,18,0,1
2026-10-04T00,79,1,800.0,0,44,1
2026-10-04T00,79,3,825.0,160,0,1
2026-10-04T00,80,0,4640.0,12,0,1
2026-10-04T00,80,1,4660.0,20,0,1
2026-10-04T00,81,0,4960.0,7,0,1
2026-10-04T00,81,2,5000.0,30,0,1
2026-10-04T00,81,3,5100.0,0,16,1
2026-10-04T00,81,3,5125.0,0,11,1
2026-10-04T00,81,3,5150.0,6,181,3
2026-10-04T00,81,5,5400.0,100,0,1
2026-10-04T00,82,1,1610.0,0,6,1
2026-10-04T00,82,2,1620.0,20,0,1
2026-10-04T00,82,5,1720.0,1500,0,1
2026-10-04T00,83,0,27.5,0,3825,1
2026-10-04T00,83,0,27.75,875,197,2
2026-10-04T00,83,0,28.25,112,0,2
2026-10-04T00,83,2,28.0,0,2000,1
2026-10-04T00,83,2,32.25,0,1122,1
2026-10-04T00,83,2,32.5,100,0,1
2026-10-04T00,83,3,32.25,0,2161,1
2026-10-04T00,83,3,32.5,0,40000,1
2026-10-04T00,83,3,32.75,0,3043,1
2026-10-04T00,83,3,33.0,0,1982,1
2026-10-04T00,83,3,33.25,0,32156,1
2026-10-04T00,83,4,33.75,0,5000,1
2026-10-04T00,83,4,34.0,0,77069,2
2026-10-04T00,83,4,34.25,157931,0,1
2026-10-04T00,84,4,9725.0,48,0,1
2026-10-04T00,85,2,8400.0,6,0,2
2026-10-04T00,87,4,585.0,100,0,1
2026-10-04T00,88,1,10600.0,7,1,2
2026-10-04T00,88,1,10700.0,39,0,1
2026-10-04T00,88,3,11100.0,37,0,1
2026-10-04T00,89,1,4440.0,8,0,1
2026-10-04T00,89,3,4540.0,0,17,1
2026-10-04T00,89,3,4550.0,0,6,1
2026-10-04T00,89,3,4560.0,37,0,1
2026-10-04T00,98,5,830.0,0,3700,1
2026-10-04T00,98,5,835.0,0,774,1
2026-10-04T00,98,5,840.0,150,3459,2
2026-10-04T00,98,6,880.0,0,795,1
2026-10-04T00,100,0,104.0,2050,7950,2
2026-10-04T00,100,0,105.0,5912,0,2
2026-10-04T00,101,0,178.0,2528,5881,4
2026-10-04T00,101,1,178.0,15111,4865,5
2026-10-04T00,101,3,178.0,0,305,1
2026-10-04T00,102,0,2.45,0,17451,1
2026-10-04T00,102,0,2.5,0,36224,2
2026-10-04T00,102,1,2.5,180109,16264,4
2026-10-04T00,102,2,2.5,0,98427,1
2026-10-04T00,102,2,2.55,14921,0,1
2026-10-04T00,102,3,2.55,261228,0,4
2026-10-04T00,102,4,2.65,7000,0,1
2026-10-04T00,103,0,6.2,0,31269,2
2026-10-04T00,103,0,6.3,0,99043,4
2026-10-04T00,103,0,6.4,892,0,1
2026-10-04T00,103,1,6.3,0,44746,1
2026-10-04T00,103,2,6.4,0,92039,1
2026-10-04T00,103,4,7.2,0,278,1
2026-10-04T00,104,0,0.945,0,150257,1
2026-10-04T00,104,0,0.95,0,194,1
2026-10-04T00,104,1,0.96,1806,0,2
2026-10-04T00,105,0,1.49,0,2000,1
2026-10-04T00,105,0,1.5,9291,0,1
2026-10-04T00,106,0,3.7,0,2760,1
2026-10-04T00,106,0,3.75,0,3171,1
2026-10-04T00,106,0,3.8,0,9405,4
2026-10-04T00,106,0,3.85,0,2132,2
2026-10-04T00,106,0,3.9,1022,4173,2
2026-10-04T00,106,0,3.95,413,9028,3
2026-10-04T00,106,1,4.1,0,12052,1
2026-10-04T00,106,1,4.15,0,288,1
2026-10-04T00,106,2,4.1,0,3067,1
2026-10-04T00,106,2,4.15,0,38738,1
2026-10-04T00,106,2,4.2,212435,0,1
2026-10-04T00,107,0,20.5,0,275,1
2026-10-04T00,107,0,20.75,32856,0,6
2026-10-04T00,107,2,20.75,768,14051,3
2026-10-04T00,108,0,8.9,0,1100,1
2026-10-04T00,108,0,9.0,57634,0,6
2026-10-04T00,108,1,9.0,13137,10849,3
2026-10-04T00,108,2,9.0,0,1101,1
2026-10-04T00,108,2,9.1,7981,0,2
2026-10-04T00,109,0,106.0,0,2067,1
2026-10-04T00,109,1,105.0,0,152,1
2026-10-04T00,109,2,102.0,0,1072,1
2026-10-04T00,109,2,105.0,0,407,1
2026-10-04T00,109,2,106.0,208,867,2
2026-10-04T00,109,3,105.0,0,2932,1
2026-10-04T00,109,3,106.0,6383,4254,6
2026-10-04T00,109,4,107.0,1011,0,2
2026-10-04T00,110,0,194.0,0,473,1
2026-10-04T00,110,0,196.0,0,95,1
2026-10-04T00,110,0,197.0,2420,2049,4
2026-10-04T00,110,0,198.0,0,9,1
2026-10-04T00,110,1,198.0,0,539,1
2026-10-04T00,110,1,199.0,4165,0,3
2026-10-04T00,110,3,195.0,0,628,1
2026-10-04T00,111,0,2450.0,0,169,1
2026-10-04T00,111,0,2460.0,0,41,1
2026-10-04T00,111,0,2470.0,0,529,1
2026-10-04T00,111,0,2480.0,0,601,3
2026-10-04T00,111,0,2490.0,947,1855,9
2026-10-04T00,111,0,2500.0,1896,0,4
2026-10-04T00,112,1,2150.0,0,36,1
2026-10-04T00,112,1,2160.0,180,0,2
2026-10-04T00,112,2,2160.0,109,56,4
2026-10-04T00,113,0,101.0,10,3631,2
2026-10-04T00,113,0,102.0,910,0,2
2026-10-04T00,114,0,560.0,24,0,1
2026-10-04T00,114,0,570.0,0,16,1
2026-10-04T00,114,3,865.0,300,0,1
2026-10-04T00,115,0,127.0,172,28,4
2026-10-04T00,115,0,128.0,325,0,1
2026-10-04T00,115,1,125.0,500,58,2
2026-10-04T00,115,1,129.0,0,942,1
2026-10-04T00,115,4,143.0,2267,0,1
2026-10-04T00,116,0,40.75,0,50,1
2026-10-04T00,116,0,41.0,3900,0,2
2026-10-04T00,116,2,44.5,4208,0,1
2026-10-04T00,117,0,6.9,284,1640,3
2026-10-04T00,117,1,7.5,1401,0,2
2026-10-04T00,117,2,8.4,0,1766,1
2026-10-04T00,117,2,8.5,2449,0,2
2026-10-04T00,117,3,8.7,1256,0,1
2026-10-04T00,117,5,11.7,57600,0,1
2026-10-04T00,118,0,0.815,0,18550,1
2026-10-04T00,118,0,0.82,0,17465,3
2026-10-04T00,118,2,0.825,101485,0,2
2026-10-04T00,119,1,37.5,1,0,1
2026-10-04T00,120,0,2.6,1000,1660,2
2026-10-04T00,120,0,2.65,50539,0,2
2026-10-04T00,120,2,2.7,696,0,1
2026-10-04T00,120,3,2.8,0,236,1
2026-10-04T00,120,3,2.95,63951,0,2
2026-10-04T00,120,6,3.6,0,613656,1
2026-10-04T00,121,0,139.0,25,0,1
2026-10-04T00,121,1,179.0,116,0,1
2026-10-04T00,121,3,180.0,0,39,1
2026-10-04T00,121,3,186.0,484,0,1
2026-10-04T00,122,0,116.0,39,126,2
2026-10-04T00,122,1,116.0,0,111,1
2026-10-04T00,122,2,117.0,174,0,1
2026-10-04T00,122,6,135.0,0,4321,1
2026-10-04T00,122,6,136.0,0,20000,1
2026-10-04T00,122,12,274.0,1,0,1
2026-10-04T00,123,0,278.0,31,0,3
2026-10-04T00,124,0,32.5,0,150,1
2026-10-04T00,124,0,32.75,0,20,1
2026-10-04T00,124,0,33.25,373,0,1
2026-10-04T00,124,2,34.75,0,12617,1
2026-10-04T00,124,3,37.0,0,200,1
2026-10-04T00,124,3,37.25,6132,0,1
2026-10-04T00,125,0,24.75,220,593,2
2026-10-04T00,125,0,25.0,0,187,1
2026-10-04T00,125,0,25.75,0,52,1
2026-10-04T00,125,0,26.0,1050,0,2
2026-10-04T00,125,3,31.25,0,2000,1
2026-10-04T00,125,3,31.5,0,4280,1
2026-10-04T00,125,3,31.75,0,6119,1
2026-10-04T00,125,3,32.0,0,3000,2
2026-10-04T00,125,3,32.25,0,3854,1
2026-10-04T00,125,3,32.5,0,2498,1
2026-10-04T00,125,3,32.75,0,1947,1
2026-10-04T00,125,3,33.0,0,21355,1
2026-10-04T00,125,3,33.25,0,2771,2
2026-10-04T00,125,3,33.5,0,1421,1
2026-10-04T00,125,3,33.75,0,7198,2
2026-10-04T00,125,3,34.0,5240,0,1
2026-10-04T00,125,7,48.25,193,0,1
2026-10-04T00,126,0,49.75,0,40,1
2026-10-04T00,126,0,50.0,400,33,2
2026-10-04T00,126,3,53.0,0,6117,1
2026-10-04T00,126,5,57.5,0,12133,1
2026-10-04T00,126,7,65.0,228,0,1
2026-10-04T00,132,0,2130.0,3,0,1
2026-10-04T00,132,7,3000.0,9,0,1
2026-10-04T00,133,0,14.3,0,54,1
2026-10-04T00,133,0,14.4,4010,336,3
2026-10-04T00,133,2,15.9,7138,0,1
2026-10-04T00,133,3,18.0,5140,0,1
2026-10-04T00,133,8,33.0,40000,0,1
2026-10-04T00,134,0,48.0,625,0,2
2026-10-04T00,134,1,48.75,232,0,1
2026-10-04T00,134,3,49.0,26,52,2
2026-10-04T00,135,0,18.3,300,228,2
2026-10-04T00,135,0,18.4,159,2721,2
2026-10-04T00,135,2,18.4,653,2492,3
2026-10-04T00,135,3,18.5,77635,0,2
2026-10-04T00,136,0,1.44,0,50,1
2026-10-04T00,137,0,121.0,50,206,2
2026-10-04T00,137,0,122.0,394,0,1
2026-10-04T00,139,0,10.0,1000,0,1
2026-10-04T00,139,0,10.1,600,0,2
2026-10-04T00,139,1,10.1,440,0,2
2026-10-04T00,139,2,10.2,0,22906,2
2026-10-04T00,139,3,10.6,0,5172,1
2026-10-04T00,140,0,236.0,1,0,1
2026-10-04T00,141,0,33.75,200,0,2
2026-10-04T00,141,1,44.75,504,0,2
2026-10-04T00,141,3,47.25,396,0,1
2026-10-04T00,142,5,945.0,1900,0,1
2026-10-04T00,142,7,1040.0,14,0,1
2026-10-04T00,143,5,925.0,0,236,1
2026-10-04T00,143,6,930.0,0,1000,1
2026-10-04T00,145,0,124.0,0,2450,1
2026-10-04T00,145,0,125.0,0,5000,1
2026-10-04T00,145,0,126.0,75,0,1
2026-10-04T00,146,0,5.0,0,6197,1
2026-10-04T00,147,2,35.0,4000,0,1
2026-10-04T00,149,9,1130.0,19,0,1
2026-10-04T00,150,2,1680.0,0,3,1
2026-10-04T00,150,2,1690.0,0,25,1
2026-10-04T00,150,2,1700.0,0,17,2
2026-10-04T00,150,2,1710.0,0,3,1
2026-10-04T00,150,2,1730.0,0,51,2
2026-10-04T00,150,2,1740.0,0,2,1
2026-10-04T00,150,2,1750.0,0,6,1
2026-10-04T00,150,2,1760.0,0,14,1
2026-10-04T00,150,2,1770.0,0,9,1
2026-10-04T00,150,2,1780.0,0,16,1
2026-10-04T00,150,2,1790.0,0,26,3
2026-10-04T00,150,4,4400.0,50,0,1
2026-10-04T00,150,5,8000.0,30,0,1
2026-10-04T00,150,6,17200.0,0,12,1
2026-10-04T00,150,6,17300.0,0,4,1
