kind,prix,sens,passage
1,0.245,hausse,2026-10-10T18:05:33Z
2,0.369,baisse,2026-10-10T18:05:33Z
3,2.4,hausse,2026-10-10T18:05:33Z
4,2.25,baisse,2026-10-10T18:05:33Z
5,2.9,hausse,2026-10-10T18:05:33Z
6,0.655,hausse,2026-10-10T18:05:33Z
7,37.0,baisse,2026-10-10T18:05:33Z
8,9.0,baisse,2026-10-10T18:05:33Z
9,1.17,baisse,2026-10-10T18:05:33Z
10,26.5,hausse,2026-10-10T18:05:33Z
11,38.0,hausse,2026-10-10T18:05:33Z
12,37.75,hausse,2026-10-10T18:05:33Z
13,0.361,baisse,2026-10-10T18:05:33Z
14,10.5,baisse,2026-10-10T18:05:33Z
15,9.6,hausse,2026-10-10T18:05:33Z
16,6.9,baisse,2026-10-10T18:05:33Z
17,14.5,hausse,2026-10-10T18:05:33Z
18,18.7,baisse,2026-10-10T18:05:33Z
19,11.2,baisse,2026-10-10T18:05:33Z
20,99.0,baisse,2026-10-10T18:05:33Z
21,54.5,hausse,2026-10-10T18:05:33Z
22,82.5,baisse,2026-10-10T18:05:33Z
23,108.0,baisse,2026-10-10T18:05:33Z
24,560.0,hausse,2026-10-10T18:05:33Z
25,705.0,hausse,2026-10-10T18:05:33Z
26,1100.0,hausse,2026-10-10T18:05:33Z
27,510.0,baisse,2026-10-10T18:05:33Z
28,865.0,hausse,2026-10-10T18:05:33Z
29,92.0,baisse,2026-10-10T18:05:33Z
30,145.0,hausse,2026-10-10T18:05:33Z
31,162.0,baisse,2026-10-10T18:05:33Z
32,204.0,baisse,2026-10-10T18:05:33Z
33,94.0,baisse,2026-10-10T18:05:33Z
34,78.0,hausse,2026-10-10T18:05:33Z
35,64.5,baisse,2026-10-10T18:05:33Z
40,1.59,baisse,2026-10-10T18:05:33Z
41,4.8,hausse,2026-10-10T18:05:33Z
42,5.0,hausse,2026-10-10T18:05:33Z
43,11.5,hausse,2026-10-10T18:05:33Z
44,1.21,hausse,2026-10-10T18:05:33Z
45,12.0,hausse,2026-10-10T18:05:33Z
46,25.5,baisse,2026-10-10T18:05:33Z
47,404.0,baisse,2026-10-10T18:05:33Z
48,206.0,baisse,2026-10-10T18:05:33Z
49,900.0,hausse,2026-10-10T18:05:33Z
50,298.0,hausse,2026-10-10T18:05:33Z
51,745.0,hausse,2026-10-10T18:05:33Z
52,560.0,baisse,2026-10-10T18:05:33Z
53,3200.0,hausse,2026-10-10T18:05:33Z
54,5950.0,hausse,2026-10-10T18:05:33Z
55,2060.0,baisse,2026-10-10T18:05:33Z
56,4000.0,baisse,2026-10-10T18:05:33Z
57,5175.0,hausse,2026-10-10T18:05:33Z
58,109.0,baisse,2026-10-10T18:05:33Z
59,59.5,baisse,2026-10-10T18:05:33Z
60,5.9,hausse,2026-10-10T18:05:33Z
61,17.4,hausse,2026-10-10T18:05:33Z
62,20.5,baisse,2026-10-10T18:05:33Z
63,32.5,baisse,2026-10-10T18:05:33Z
64,39.25,hausse,2026-10-10T18:05:33Z
65,12.6,hausse,2026-10-10T18:05:33Z
66,0.272,hausse,2026-10-10T18:05:33Z
67,11.9,hausse,2026-10-10T18:05:33Z
68,30.25,baisse,2026-10-10T18:05:33Z
69,5600.0,hausse,2026-10-10T18:05:33Z
70,745.0,baisse,2026-10-10T18:05:33Z
71,1460.0,baisse,2026-10-10T18:05:33Z
72,1.67,baisse,2026-10-10T18:05:33Z
73,26.75,baisse,2026-10-10T18:05:33Z
74,18.2,baisse,2026-10-10T18:05:33Z
75,5.9,hausse,2026-10-10T18:05:33Z
76,58.0,baisse,2026-10-10T18:05:33Z
77,2460.0,hausse,2026-10-10T18:05:33Z
78,1800.0,hausse,2026-10-10T18:05:33Z
79,790.0,hausse,2026-10-10T18:05:33Z
80,4650.0,baisse,2026-10-10T18:05:33Z
81,4850.0,baisse,2026-10-10T18:05:33Z
82,1540.0,hausse,2026-10-10T18:05:33Z
83,27.0,hausse,2026-10-10T18:05:33Z
84,8200.0,baisse,2026-10-10T18:05:33Z
85,6950.0,hausse,2026-10-10T18:05:33Z
86,9825.0,baisse,2026-10-10T18:05:33Z
87,452.0,hausse,2026-10-10T18:05:33Z
88,10000.0,baisse,2026-10-10T18:05:33Z
89,4120.0,hausse,2026-10-10T18:05:33Z
98,780.0,hausse,2026-10-10T18:05:33Z
100,105.0,hausse,2026-10-10T18:05:33Z
101,174.0,hausse,2026-10-10T18:05:33Z
102,2.4,baisse,2026-10-10T18:05:33Z
103,5.7,hausse,2026-10-10T18:05:33Z
104,0.945,baisse,2026-10-10T18:05:33Z
105,1.71,hausse,2026-10-10T18:05:33Z
106,4.1,hausse,2026-10-10T18:05:33Z
107,21.75,baisse,2026-10-10T18:05:33Z
108,8.8,hausse,2026-10-10T18:05:33Z
109,100.0,baisse,2026-10-10T18:05:33Z
110,186.0,hausse,2026-10-10T18:05:33Z
111,2430.0,hausse,2026-10-10T18:05:33Z
112,2090.0,hausse,2026-10-10T18:05:33Z
113,103.0,baisse,2026-10-10T18:05:33Z
114,555.0,baisse,2026-10-10T18:05:33Z
115,127.0,hausse,2026-10-10T18:05:33Z
116,40.25,hausse,2026-10-10T18:05:33Z
117,7.2,hausse,2026-10-10T18:05:33Z
118,0.805,baisse,2026-10-10T18:05:33Z
119,32.75,baisse,2026-10-10T18:05:33Z
120,2.35,hausse,2026-10-10T18:05:33Z
121,131.0,baisse,2026-10-10T18:05:33Z
122,117.0,hausse,2026-10-10T18:05:33Z
123,274.0,baisse,2026-10-10T18:05:33Z
124,32.0,baisse,2026-10-10T18:05:33Z
125,24.75,hausse,2026-10-10T18:05:33Z
126,50.0,baisse,2026-10-10T18:05:33Z
127,440.0,baisse,2026-10-10T18:05:33Z
128,44.5,baisse,2026-10-10T18:05:33Z
129,1710.0,hausse,2026-10-10T18:05:33Z
130,1860.0,hausse,2026-10-10T18:05:33Z
131,2230.0,baisse,2026-10-10T18:05:33Z
132,1830.0,baisse,2026-10-10T18:05:33Z
133,15.5,hausse,2026-10-10T18:05:33Z
134,44.25,hausse,2026-10-10T18:05:33Z
135,18.0,hausse,2026-10-10T18:05:33Z
136,1.42,hausse,2026-10-10T18:05:33Z
137,116.0,hausse,2026-10-10T18:05:33Z
138,1160.0,baisse,2026-10-10T18:05:33Z
139,10.0,hausse,2026-10-10T18:05:33Z
140,232.0,baisse,2026-10-10T18:05:33Z
141,32.25,baisse,2026-10-10T18:05:33Z
142,730.0,hausse,2026-10-10T18:05:33Z
143,720.0,hausse,2026-10-10T18:05:33Z
144,16.0,hausse,2026-10-10T18:05:33Z
145,114.0,baisse,2026-10-10T18:05:33Z
146,5.9,hausse,2026-10-10T18:05:33Z
147,38.5,hausse,2026-10-10T18:05:33Z
148,37.75,hausse,2026-10-10T18:05:33Z
149,715.0,hausse,2026-10-10T18:05:33Z
150,366.0,baisse,2026-10-10T18:05:33Z
151,216.0,baisse,2026-10-10T18:05:33Z
152,190.0,hausse,2026-10-10T18:05:33Z
153,78.5,hausse,2026-10-10T18:05:33Z
154,80.0,hausse,2026-10-10T18:05:33Z
155,118.0,hausse,2026-10-10T18:05:33Z
