heure,kind,ouverture,haut,bas,cloture,n_releves
2026-10-08T21,1,0.246,0.251,0.238,0.248,79
2026-10-08T21,2,0.364,0.368,0.353,0.357,79
2026-10-08T21,3,2.25,2.4,2.2,2.3,79
2026-10-08T21,4,2.55,2.55,2.45,2.5,79
2026-10-08T21,5,3.0,3.05,2.75,2.95,79
2026-10-08T21,6,0.71,0.71,0.68,0.68,79
2026-10-08T21,7,37.25,38.0,36.75,38.0,79
2026-10-08T21,8,10.8,10.8,10.2,10.2,79
2026-10-08T21,9,1.25,1.25,1.13,1.18,79
2026-10-08T21,10,27.0,27.5,26.5,26.75,79
2026-10-08T21,11,38.25,38.5,37.75,38.5,79
2026-10-08T21,12,37.75,38.25,36.75,37.75,79
2026-10-08T21,13,0.36,0.361,0.354,0.357,79
2026-10-08T21,14,10.7,10.7,10.3,10.4,79
2026-10-08T21,15,9.7,10.0,9.2,9.3,79
2026-10-08T21,16,7.1,7.4,7.1,7.1,79
2026-10-08T21,17,14.5,14.5,14.1,14.1,79
2026-10-08T21,18,19.3,19.5,19.0,19.2,79
2026-10-08T21,19,10.9,11.0,10.8,10.8,79
2026-10-08T21,20,105.0,105.0,103.0,103.0,79
2026-10-08T21,21,54.5,55.0,52.5,53.5,79
2026-10-08T21,22,84.5,85.0,81.0,83.5,79
2026-10-08T21,23,113.0,114.0,112.0,113.0,79
2026-10-08T21,24,580.0,585.0,580.0,580.0,79
2026-10-08T21,25,720.0,720.0,690.0,690.0,79
2026-10-08T21,26,1080.0,1110.0,1080.0,1110.0,79
2026-10-08T21,27,505.0,505.0,505.0,505.0,79
2026-10-08T21,28,865.0,865.0,865.0,865.0,79
2026-10-08T21,29,95.5,95.5,93.5,94.0,79
2026-10-08T21,30,147.0,147.0,144.0,144.0,79
2026-10-08T21,31,164.0,170.0,164.0,168.0,79
2026-10-08T21,32,198.0,200.0,198.0,198.0,79
2026-10-08T21,33,100.0,100.0,99.0,99.0,79
2026-10-08T21,34,82.5,82.5,81.5,81.5,79
2026-10-08T21,35,71.5,72.0,71.0,72.0,79
2026-10-08T21,40,1.45,1.45,1.42,1.43,79
2026-10-08T21,41,4.3,4.4,4.15,4.35,79
2026-10-08T21,42,4.95,4.95,4.75,4.75,79
2026-10-08T21,43,11.5,11.5,11.1,11.1,79
2026-10-08T21,44,1.27,1.28,1.26,1.26,79
2026-10-08T21,45,12.0,12.1,11.8,12.0,79
2026-10-08T21,46,25.5,25.75,24.5,25.5,79
2026-10-08T21,47,414.0,418.0,412.0,418.0,79
2026-10-08T21,48,218.0,218.0,200.0,212.0,79
2026-10-08T21,49,885.0,890.0,885.0,890.0,79
2026-10-08T21,50,304.0,304.0,304.0,304.0,79
2026-10-08T21,51,750.0,750.0,740.0,745.0,79
2026-10-08T21,52,565.0,585.0,565.0,565.0,79
2026-10-08T21,53,3240.0,3240.0,3240.0,3240.0,79
2026-10-08T21,54,5925.0,5975.0,5800.0,5800.0,79
2026-10-08T21,55,2070.0,2100.0,2070.0,2100.0,79
2026-10-08T21,56,4080.0,4080.0,4060.0,4070.0,79
2026-10-08T21,57,5275.0,5275.0,5250.0,5275.0,79
2026-10-08T21,58,116.0,116.0,114.0,115.0,79
2026-10-08T21,59,60.5,61.5,60.0,61.5,79
2026-10-08T21,60,5.8,6.1,5.5,5.5,79
2026-10-08T21,61,18.1,18.1,18.0,18.0,79
2026-10-08T21,62,19.9,19.9,19.8,19.8,79
2026-10-08T21,63,32.0,32.0,32.0,32.0,79
2026-10-08T21,64,40.25,40.75,40.25,40.75,79
2026-10-08T21,65,12.2,12.3,11.8,12.3,79
2026-10-08T21,66,0.274,0.276,0.268,0.269,79
2026-10-08T21,67,11.5,11.5,11.3,11.3,79
2026-10-08T21,68,30.5,31.5,30.0,31.25,79
2026-10-08T21,69,5975.0,5975.0,5700.0,5750.0,79
2026-10-08T21,70,755.0,755.0,755.0,755.0,79
2026-10-08T21,71,1480.0,1480.0,1470.0,1470.0,79
2026-10-08T21,72,1.71,1.73,1.64,1.67,79
2026-10-08T21,73,26.75,27.75,25.75,26.0,79
2026-10-08T21,74,19.4,19.6,18.6,18.7,79
2026-10-08T21,75,6.1,6.1,5.9,6.0,79
2026-10-08T21,76,58.5,58.5,58.0,58.5,79
2026-10-08T21,77,2550.0,2550.0,2510.0,2510.0,79
2026-10-08T21,78,1820.0,1820.0,1820.0,1820.0,79
2026-10-08T21,79,790.0,790.0,780.0,780.0,79
2026-10-08T21,80,4650.0,4650.0,4650.0,4650.0,79
2026-10-08T21,81,4950.0,4950.0,4930.0,4930.0,79
2026-10-08T21,82,1630.0,1640.0,1630.0,1640.0,79
2026-10-08T21,83,27.75,28.5,27.75,28.25,79
2026-10-08T21,84,8325.0,8325.0,8300.0,8300.0,79
2026-10-08T21,85,7075.0,7075.0,7075.0,7075.0,79
2026-10-08T21,86,9825.0,9900.0,9825.0,9900.0,79
2026-10-08T21,87,452.0,452.0,452.0,452.0,79
2026-10-08T21,88,10500.0,10500.0,10400.0,10400.0,79
2026-10-08T21,89,4190.0,4200.0,4190.0,4200.0,79
2026-10-08T21,98,780.0,780.0,770.0,770.0,79
2026-10-08T21,100,105.0,105.0,104.0,105.0,79
2026-10-08T21,101,175.0,177.0,174.0,176.0,79
2026-10-08T21,102,2.4,2.45,2.35,2.4,79
2026-10-08T21,103,5.7,5.9,5.5,5.7,79
2026-10-08T21,104,0.95,0.95,0.95,0.95,79
2026-10-08T21,105,1.8,1.8,1.77,1.79,79
2026-10-08T21,106,3.85,3.9,3.8,3.8,79
2026-10-08T21,107,21.25,22.0,21.25,21.75,79
2026-10-08T21,108,8.9,9.0,8.8,8.9,79
2026-10-08T21,109,102.0,103.0,100.0,101.0,79
2026-10-08T21,110,195.0,195.0,192.0,194.0,79
2026-10-08T21,111,2470.0,2490.0,2450.0,2460.0,79
2026-10-08T21,112,2110.0,2110.0,2090.0,2100.0,79
2026-10-08T21,113,105.0,106.0,105.0,105.0,79
2026-10-08T21,114,555.0,555.0,555.0,555.0,79
2026-10-08T21,115,127.0,129.0,126.0,129.0,79
2026-10-08T21,116,39.5,39.75,39.25,39.25,79
2026-10-08T21,117,7.2,7.4,7.2,7.3,79
2026-10-08T21,118,0.825,0.825,0.81,0.82,79
2026-10-08T21,119,32.0,35.0,32.0,34.25,79
2026-10-08T21,120,2.6,2.7,2.6,2.7,79
2026-10-08T21,121,138.0,138.0,138.0,138.0,79
2026-10-08T21,122,114.0,115.0,114.0,115.0,79
2026-10-08T21,123,276.0,276.0,274.0,274.0,79
2026-10-08T21,124,31.5,32.5,29.75,32.5,79
2026-10-08T21,125,24.75,26.0,23.75,26.0,79
2026-10-08T21,126,51.0,51.0,49.75,51.0,79
2026-10-08T21,127,440.0,440.0,430.0,430.0,79
2026-10-08T21,128,47.75,47.75,47.5,47.5,79
2026-10-08T21,129,1720.0,1720.0,1710.0,1710.0,79
2026-10-08T21,130,2030.0,2030.0,2020.0,2020.0,79
2026-10-08T21,131,2440.0,2440.0,2430.0,2430.0,79
2026-10-08T21,132,1970.0,1970.0,1950.0,1950.0,79
2026-10-08T21,133,14.5,15.0,14.2,15.0,79
2026-10-08T21,134,44.0,47.0,44.0,46.5,79
2026-10-08T21,135,18.2,18.3,18.1,18.1,79
2026-10-08T21,136,1.66,1.7,1.6,1.7,79
2026-10-08T21,137,119.0,119.0,117.0,117.0,79
2026-10-08T21,138,1140.0,1150.0,1140.0,1150.0,79
2026-10-08T21,139,10.0,10.0,9.0,10.0,79
2026-10-08T21,140,200.0,238.0,200.0,236.0,79
2026-10-08T21,141,34.25,34.25,34.25,34.25,79
2026-10-08T21,142,840.0,840.0,840.0,840.0,79
2026-10-08T21,143,730.0,730.0,700.0,700.0,79
2026-10-08T21,144,15.9,15.9,15.7,15.7,79
2026-10-08T21,145,122.0,123.0,119.0,122.0,79
2026-10-08T21,146,4.55,4.8,4.5,4.6,79
2026-10-08T21,147,34.25,34.25,34.25,34.25,79
2026-10-08T21,148,32.75,32.75,32.5,32.5,79
2026-10-08T21,149,720.0,720.0,715.0,715.0,79
2026-10-08T21,150,350.0,360.0,350.0,358.0,79
2026-10-08T21,151,214.0,214.0,214.0,214.0,79
2026-10-08T21,152,200.0,200.0,200.0,200.0,79
2026-10-08T21,153,58.5,58.5,58.0,58.0,79
2026-10-08T21,154,69.0,69.0,69.0,69.0,79
2026-10-08T21,155,126.0,126.0,126.0,126.0,79
