ts,kind,best,qty_best,n_orders,total_qty,qty_within_5pct,median_age_h
2026-09-03T19:05:49Z,1,0.26,637282,200,614531693,614531693,1.73
2026-09-03T19:05:49Z,2,0.366,80003,200,152444045,78510877,0.403
2026-09-03T19:05:49Z,3,2.2,3222,200,4060061,81846,0.885
2026-09-03T19:05:49Z,4,2.2,911,170,12813085,19987,3.133
2026-09-03T19:05:49Z,5,2.95,4600,88,4864349,868014,16.903
2026-09-03T19:05:49Z,6,0.71,517783,157,72510474,12172688,11.14
2026-09-03T19:05:49Z,7,39.5,3842,97,725151,116468,4.932
2026-09-03T19:05:49Z,8,10.5,3100,65,1753210,55021,2.321
2026-09-03T19:05:49Z,9,1.17,1500000,160,13716069,1550441,0.48
2026-09-03T19:05:49Z,11,40.75,20080,51,1156732,508229,2.508
2026-09-03T19:05:49Z,12,41.25,777157,66,2535905,1540836,19.021
2026-09-03T19:05:49Z,13,0.366,783748,154,507837670,151472308,7.822
2026-09-03T19:05:49Z,14,10.8,75799,62,7745710,798768,1.238
2026-09-03T19:05:49Z,15,10.3,36700,96,8253010,1156348,1.91
2026-09-03T19:05:49Z,16,9.0,1100,28,4685248,2137689,68.5
2026-09-03T19:05:49Z,17,14.5,45268,104,7639871,3925836,5.901
2026-09-03T19:05:49Z,18,20.25,1797,82,3439958,528325,1.579
2026-09-03T19:05:49Z,19,11.1,1498,86,8980247,312310,3.875
2026-09-03T19:05:49Z,20,112.0,1482,71,768811,122766,1.289
2026-09-03T19:05:49Z,24,610.0,6,38,48698,5373,5.874
2026-09-03T19:05:49Z,25,755.0,538,49,116331,38786,14.325
2026-09-03T19:05:49Z,26,1220.0,800,19,33350,32293,81.611
2026-09-03T19:05:49Z,27,575.0,50,21,31823,12921,10.343
2026-09-03T19:05:49Z,28,960.0,554,14,25525,2659,21.125
2026-09-03T19:05:49Z,29,99.5,2250,73,962508,386269,24.935
2026-09-03T19:05:49Z,30,157.0,6239,49,443800,259842,8.941
2026-09-03T19:05:49Z,31,202.0,350,25,597523,446383,29.497
2026-09-03T19:05:49Z,32,212.0,3150,65,613747,201900,9.748
2026-09-03T19:05:49Z,33,113.0,36562,28,314560,213261,100.246
2026-09-03T19:05:49Z,41,4.8,117437,81,9670096,2030283,3.524
2026-09-03T19:05:49Z,42,5.0,30682,62,8825275,39862,4.347
2026-09-03T19:05:49Z,43,11.4,15068,102,5310561,352884,2.88
2026-09-03T19:05:49Z,44,1.26,1235402,57,30348647,7936535,9.502
2026-09-03T19:05:49Z,45,15.9,1985,43,1557557,360677,0.542
2026-09-03T19:05:49Z,46,27.0,6,129,1737669,66706,0.938
2026-09-03T19:05:49Z,47,430.0,1506,55,175957,18800,6.77
2026-09-03T19:05:49Z,48,222.0,927,39,282006,106484,16.825
2026-09-03T19:05:49Z,49,950.0,88,33,57499,5126,58.578
2026-09-03T19:05:49Z,50,336.0,60,36,144745,24309,7.819
2026-09-03T19:05:49Z,54,6450.0,505,22,15703,1861,25.558
2026-09-03T19:05:49Z,55,2240.0,9,19,7442,3972,85.657
2026-09-03T19:05:49Z,56,4340.0,66,42,20352,14586,20.762
2026-09-03T19:05:49Z,57,5575.0,36,33,10665,6723,8.516
2026-09-03T19:05:49Z,58,126.0,20020,32,947654,232121,54.421
2026-09-03T19:05:49Z,59,65.0,2313,30,1558260,878534,16.663
2026-09-03T19:05:49Z,60,5.5,664,105,16360877,10533,1.913
2026-09-03T19:05:49Z,61,18.8,750,66,5654300,41846,2.47
2026-09-03T19:05:49Z,62,22.25,74641,50,1663652,272719,28.711
2026-09-03T19:05:49Z,63,32.5,773,54,1162345,17700,21.676
2026-09-03T19:05:49Z,66,0.278,53738,200,71841523,9612362,5.729
2026-09-03T19:05:49Z,68,32.0,318,92,2931740,472669,3.006
2026-09-03T19:05:49Z,69,6475.0,23,139,30103,9409,27.52
2026-09-03T19:05:49Z,70,805.0,238,78,33223,23806,25.165
2026-09-03T19:05:49Z,71,1540.0,16,72,66257,5907,13.565
2026-09-03T19:05:49Z,72,1.68,8490,138,26081463,1238016,3.043
2026-09-03T19:05:49Z,73,26.5,194090,190,3449068,428444,0.77
2026-09-03T19:05:49Z,74,19.9,168,70,1831101,60946,17.535
2026-09-03T19:05:49Z,75,6.3,76964,58,25966201,1615435,7.756
2026-09-03T19:05:49Z,76,57.0,1120,106,2112390,35712,3.997
2026-09-03T19:05:49Z,77,2680.0,868,62,46199,2058,4.054
2026-09-03T19:05:49Z,81,5175.0,150,59,15410,2708,32.145
2026-09-03T19:05:49Z,82,1500.0,701,70,44042,7382,14.337
2026-09-03T19:05:49Z,83,30.0,4720,73,1305090,44440,6.078
2026-09-03T19:05:49Z,84,8950.0,9,63,11737,600,32.089
2026-09-03T19:05:49Z,85,7425.0,5,47,6744,102,52.727
2026-09-03T19:05:49Z,86,10000.0,16,68,6521,309,8.274
2026-09-03T19:05:49Z,87,484.0,75,41,34689,2917,74.862
2026-09-03T19:05:49Z,88,11000.0,256,49,3237,969,8.172
2026-09-03T19:05:49Z,89,4410.0,5,63,17921,3525,66.885
2026-09-03T19:05:49Z,98,840.0,223,54,56520,21170,4.517
2026-09-03T19:05:49Z,103,6.9,166483,30,4577518,1896908,53.065
2026-09-03T19:05:49Z,104,0.97,2,37,8528883,2483957,27.593
2026-09-03T19:05:49Z,105,1.49,25998,59,12758277,240751,5.676
2026-09-03T19:05:49Z,106,4.15,19000,66,6676610,27639,7.012
2026-09-03T19:05:49Z,107,21.5,31608,55,2445479,748527,14.471
2026-09-03T19:05:49Z,108,9.7,68605,67,2743362,337684,2.155
2026-09-03T19:05:49Z,109,109.0,41,26,341250,243727,77.195
2026-09-03T19:05:49Z,110,200.0,18833,14,159633,59633,42.495
2026-09-03T19:05:49Z,111,2600.0,1033,153,105282,92890,31.947
2026-09-03T19:05:49Z,112,2190.0,1256,30,20324,19543,115.01
2026-09-03T19:05:49Z,113,127.0,130,36,642845,59314,4.631
2026-09-03T19:05:49Z,114,650.0,191,89,212192,8517,14.13
2026-09-03T19:05:49Z,118,0.77,378,155,56722245,88043,6.591
2026-09-03T19:05:49Z,119,31.5,307,140,2301152,9346,1.84
2026-09-03T19:05:49Z,120,2.55,7293,127,11464750,176071,10.21
2026-09-03T19:05:49Z,121,148.0,181,101,468119,3592,56.596
2026-09-03T19:05:49Z,122,126.0,9098,99,537678,43820,6.418
2026-09-03T19:05:49Z,123,298.0,39,51,188613,66425,51.721
2026-09-03T19:05:49Z,124,36.25,186,104,2251452,89718,8.248
2026-09-03T19:05:49Z,125,26.75,900,195,3558626,59362,3.584
2026-09-03T19:05:49Z,126,55.0,3007,91,1028416,116377,2.3
2026-09-03T19:05:49Z,127,478.0,816,24,21101,16794,25.361
2026-09-03T19:05:49Z,131,2390.0,4,42,9218,2069,14.779
2026-09-03T19:05:49Z,132,2200.0,2,71,20198,295,12.953
2026-09-03T19:05:49Z,133,17.9,129,100,2831589,383234,0.963
2026-09-03T19:05:49Z,134,49.25,38,107,749947,78756,3.635
2026-09-03T19:05:49Z,135,17.8,1990,140,3691031,301616,32.648
2026-09-03T19:05:49Z,136,1.58,27897,90,5181729,1320610,10.155
2026-09-03T19:05:49Z,137,126.0,16564,50,245712,35066,37.255
2026-09-03T19:05:49Z,138,1260.0,4,59,18070,415,11.244
2026-09-03T19:05:49Z,139,10.1,564580,82,4159158,752089,5.832
2026-09-03T19:05:49Z,140,260.0,99,42,43743,32440,50.464
2026-09-03T19:05:49Z,144,17.2,1000,19,202764,28002,43.194
2026-09-03T19:05:49Z,145,135.0,3337,42,1028773,656599,68.557
2026-09-03T19:05:49Z,146,6.5,17667,146,8574039,22130,2.49
2026-09-03T19:05:49Z,147,40.0,47625,31,1138612,480970,36.577
2026-09-03T19:05:49Z,148,33.25,6764,36,709775,52586,40.909
2026-09-03T19:05:49Z,149,725.0,5,66,50229,65,11.22
2026-09-03T19:05:49Z,150,390.0,61,162,72580,407,13.817
2026-09-03T19:05:49Z,151,232.0,110,33,33463,1252,52.85
2026-09-03T19:05:49Z,152,234.0,98,26,4963,228,135.111
2026-09-03T19:05:49Z,153,78.0,9,10,26362,1945,3.982
